"año_cd"|"ccaa_cd"|"zbs_residencia_cd"|"n_poblacion"|"codatzbs"|"n_zbs"
"2022"|ES24|"5407"|20213|"20407"|ARRABAL
"2022"|ES24|"2520"|17175|"20520"|ROMAREDA - SEMINARIO
"2022"|ES24|"1113"|7147|"20113"|SARIÑENA
"2022"|ES24|"1205"|2038|"20205"|BENABARRE
"2022"|ES24|"4810"|977|"20810"|MOSQUERUELA
"2022"|ES24|"3613"|25190|"20623"|DELICIAS NORTE
"2022"|ES24|"2511"|28012|"20511"|TORRERO LA PAZ
"2022"|ES24|"3603"|9642|"20613"|BORJA
"2022"|ES24|"4903"|8584|"20903"|ANDORRA
"2022"|ES24|"4905"|4283|"20905"|CALANDA
"2022"|ES24|"2513"|37291|"20513"|SAGASTA-RUISEÑORES
"2022"|ES24|"3602"|16761|"20612"|LA ALMUNIA DE DOÑA GODINA
"2022"|ES24|"1111"|1195|"20111"|BERDUN
"2022"|ES24|"3703"|2505|"20703"|ATECA
"2022"|ES24|"3612"|26356|"20622"|DELICIAS SUR
"2022"|ES24|"3707"|1862|"20707"|MORATA DE JALON
"2022"|ES24|"2523"|19258|"20523"|FERNANDO EL CATOLICO
"2022"|ES24|"2524"|36593|"20524"|VALDESPARTERA-MONTECANAL
"2022"|ES24|"2519"|27246|"20519"|SAN JOSE SUR
"2022"|ES24|"4812"|2415|"20812"|SARRION
"2022"|ES24|"3303"|729|"20603"|SOS DEL REY CATOLICO
"2022"|ES24|"3702"|1320|"20702"|ARIZA
"2022"|ES24|"5413"|15613|"20413"|ACTUR OESTE
"2022"|ES24|"2510"|22475|"20510"|SAN PABLO
"2022"|ES24|"2522"|20502|"20522"|HERNAN CORTES
"2022"|ES24|"4815"|1159|"20815"|VILLEL
"2022"|ES24|"1206"|1354|"20206"|BERBEGAL
"2022"|ES24|"4911"|828|"20911"|MUNIESA
"2022"|ES24|"1211"|1028|"20211"|LAFORTUNADA
"2022"|ES24|"5411"|2617|"20254"|MEQUINENZA
"2022"|ES24|"1210"|5733|"20210"|GRAUS
"2022"|ES24|"1103"|3622|"20103"|BIESCAS-VALLE DE TENA
"2022"|ES24|"4912"|5152|"20912"|VALDERROBRES
"2022"|ES24|"1102"|1938|"20102"|AYERBE
"2022"|ES24|"2508"|18676|"20508"|MADRE VEDRUNA-MIRAFLORES
"2022"|ES24|"4901"|19013|"20901"|ALCAÑIZ
"2022"|ES24|"3302"|2694|"20602"|SADABA
"2022"|ES24|"3704"|4828|"20704"|CALATAYUD RURAL
"2022"|ES24|"3606"|7234|"20616"|GALLUR
"2022"|ES24|"3711"|1550|"20711"|SABIÑAN
"2022"|ES24|"3609"|7913|"20619"|CARIÑENA
"2022"|ES24|"2504"|2685|"20504"|SASTAGO
"2022"|ES24|"3618"|18620|"20628"|MIRALBUENO-GARRAPINILLOS
"2022"|ES24|"3710"|19443|"20710"|CALATAYUD URBANA
"2022"|ES24|"5414"|14652|"20414"|PARQUE GOYA
"2022"|ES24|"4806"|1098|"20806"|CEDRILLAS
"2022"|ES24|"5402"|2671|"20402"|BUJARALOZ
"2022"|ES24|"4907"|11163|"20907"|CASPE
"2022"|ES24|"1213"|18510|"20213"|MONZON URBANA
"2022"|ES24|"5401"|10395|"20401"|ALFAJARIN
"2022"|ES24|"1114"|16529|"20114"|HUESCA CAPITAL Nº 3 (PIRINEOS)
"2022"|ES24|"4805"|5686|"20805"|CALAMOCHA
"2022"|ES24|"1203"|4957|"20203"|ALBALATE DE CINCA
"2022"|ES24|"4814"|5548|"20814"|UTRILLAS
"2022"|ES24|"4811"|1419|"20811"|SANTA EULALIA DEL CAMPO
"2022"|ES24|"1202"|4527|"20202"|AINSA
"2022"|ES24|"2525"|3281|"20525"|CAMPO DE BELCHITE
"2022"|ES24|"4906"|1650|"20906"|CANTAVIEJA
"2022"|ES24|"3705"|3320|"20705"|DAROCA
"2022"|ES24|"5412"|18473|"20412"|ACTUR NORTE
"2022"|ES24|"3701"|2671|"20701"|ALHAMA DE ARAGON
"2022"|ES24|"4809"|3099|"20809"|MORA DE RUBIELOS
"2022"|ES24|"5408"|33501|"20408"|AVENIDA CATALUÑA
"2022"|ES24|"1204"|21686|"20204"|BARBASTRO
"2022"|ES24|"4807"|3681|"20807"|CELLA
"2022"|ES24|"2516"|23237|"20516"|TORRE RAMONA
"2022"|ES24|"2521"|10246|"20521"|CASABLANCA
"2022"|ES24|"5410"|23280|"20410"|ZALFONADA
"2022"|ES24|"4801"|2996|"20801"|ALBARRACIN
"2022"|ES24|"4808"|4439|"20808"|MONREAL DEL CAMPO
"2022"|ES24|"1107"|16833|"20107"|HUESCA CAPITAL Nº 1 (PERPETUO SOCORRO)
"2022"|ES24|"3304"|7959|"20604"|TAUSTE
"2022"|ES24|"3605"|11749|"20615"|EPILA
"2022"|ES24|"1110"|14061|"20110"|JACA
"2022"|ES24|"1209"|21722|"20209"|FRAGA
"2022"|ES24|"1208"|3927|"20208"|CASTEJON DE SOS
"2022"|ES24|"1104"|1238|"20104"|BROTO
"2022"|ES24|"2503"|12582|"20503"|FUENTES DE EBRO
"2022"|ES24|"4908"|3999|"20908"|MAELLA
"2022"|ES24|"3608"|18882|"20618"|UTEBO
"2022"|ES24|"1112"|9590|"20112"|SABIÑANIGO
"2022"|ES24|"3614"|15429|"20624"|BOMBARDA
"2022"|ES24|"1201"|921|"20201"|ABIEGO
"2022"|ES24|"1105"|4302|"20105"|GRAÑEN
"2022"|ES24|"4902"|4422|"20902"|ALCORISA
"2022"|ES24|"3616"|16542|"20626"|OLIVER
"2022"|ES24|"3706"|4970|"20706"|ILLUECA
"2022"|ES24|"3604"|16768|"20614"|CASETAS
"2022"|ES24|"4817"|18672|"20817"|TERUEL ENSANCHE
"2022"|ES24|"2518"|17969|"20518"|SAN JOSE CENTRO
"2022"|ES24|"4813"|19758|"20813"|TERUEL CENTRO
"2022"|ES12|"50406"|27647|"30406"|Z.B.S. IV.6 - OVIEDO - VENTANIELLES - COLLOTO/CUALLOTO
"2022"|ES12|"50501"|10479|"30501"|Z.B.S. V.1 - CARREÑO
"2022"|ES12|"50514"|17705|"30514"|Z.B.S. V.14 - GIJON - ROCES - MONTEVIL
"2022"|ES12|"50205"|787|"30223"|Z.E.S. 2.3 - DEGAÑA
"2022"|ES12|"50605"|5674|"30605"|Z.B.S. VI.5 - RIBADESELLA
"2022"|ES12|"50202"|12729|"30202"|Z.B.S. II.2 - CANGAS DEL NARCEA
"2022"|ES12|"50301"|19364|"30301"|Z.B.S. III.1 - AVILES - SABUGO
"2022"|ES12|"50509"|22098|"30509"|Z.B.S. V.9 - GIJON - EL COTO - CEARES/CIARES - VIESQUES
"2022"|ES12|"50805"|13006|"30805"|Z.B.S. VIII.5 - LAVIANA
"2022"|ES12|"50101"|3889|"30101"|Z.B.S. I.1 - VALDES - TREVIAS
"2022"|ES12|"50310"|12154|"30310"|Z.B.S. III.10 - AVILES - CENTRO
"2022"|ES12|"50410"|12823|"30410"|Z.B.S. IV.10 - NOREÑA - SIERO
"2022"|ES12|"50604"|7826|"30604"|Z.B.S. VI.4 - CANGAS DE ONIS - ONIS - AMIEVA
"2022"|ES12|"50102"|8025|"30102"|Z.B.S. I.2 - VALDES - L.LUARCA
"2022"|ES12|"50701"|14994|"30701"|Z.B.S. VII.1 - MIERES - NORTE
"2022"|ES12|"50308"|21494|"30308"|Z.B.S. III.8 - CASTRILLON
"2022"|ES12|"50511"|28792|"30511"|Z.B.S. V.11 - GIJON - PARQUE - SOMIO
"2022"|ES12|"50601"|6758|"30601"|Z.B.S. VI.1 - PILOÑA
"2022"|ES12|"50105"|8591|"30105"|Z.B.S. I.5 - VEGADEO - CASTROPOL - SAN TIRSO DE ABRES
"2022"|ES12|"50412"|22886|"30412"|Z.B.S. IV.12 - SIERO - SARIEGO
"2022"|ES12|"50309"|9809|"30309"|Z.B.S. III.9 - GOZON
"2022"|ES12|"50702"|15061|"30702"|Z.B.S. VII.2 - MIERES - SUR
"2022"|ES12|"50409"|11068|"30409"|Z.B.S. IV.9 - LLANERA
"2022"|ES12|"50606"|15387|"30606"|Z.B.S. VI.6 - LLANES - RIBADEDEVA
"2022"|ES12|"50414"|4754|"30414"|Z.B.S. IV.14 - SALAS
"2022"|ES12|"50104"|7533|"30104"|Z.B.S. I.4 - TAPIA - EL FRANCO
"2022"|ES12|"50411"|14839|"30411"|Z.B.S. IV.11 - SIERO - LUGONES/LLUGONES
"2022"|ES12|"50403"|25583|"30403"|Z.B.S. IV.3 - OVIEDO - LA ARGAÑOSA - SAN CLAUDIO - LAS REGUERAS
"2022"|ES12|"50306"|4918|"30306"|Z.B.S. III.6 - CUDILLERO
"2022"|ES12|"50422"|20432|"30419"|Z.B.S. IV.19 - OVIEDO - LA CORREDORIA - VILLAPERI
"2022"|ES12|"50103"|12248|"30103"|Z.B.S. I.3 - NAVIA - COAÑA/CUAÑA
"2022"|ES12|"50508"|28124|"30508"|Z.B.S. V.8 - GIJON - EL LLANO
"2022"|ES12|"50408"|19450|"30408"|Z.B.S. IV.8 - OVIEDO - PUMARIN
"2022"|ES12|"50305"|15830|"30305"|Z.B.S. III.5 - CORVERA
"2022"|ES12|"50204"|896|"30222"|Z.E.S. 2.2 - IBIAS
"2022"|ES12|"50405"|23536|"30405"|Z.B.S. IV.5 - OVIEDO - OTERO - OLLONIEGO/LLUNIEGO - VEGUIN
"2022"|ES12|"50607"|440|"30661"|Z.E.S. 6.1 - PONGA
"2022"|ES12|"50603"|5581|"30603"|Z.B.S. VI.3 - PARRES
"2022"|ES12|"50302"|13202|"30302"|Z.B.S. III.2 - AVILES - CARBAYEDO - EL QUIRINAL
"2022"|ES12|"50402"|15773|"30402"|Z.B.S. IV.2 - OVIEDO CENTRO - SUR
"2022"|ES12|"50801"|4384|"30801"|Z.B.S. VIII.1 - LANGREO - RIAÑU
"2022"|ES12|"50608"|2009|"30662"|Z.E.S. 6.2 - CABRALES - PEÑAMELLERAS
"2022"|ES12|"50802"|21788|"30802"|Z.B.S. VIII.2 - LANGREO - LA FELGUERA - TIUYA/TUILLA - LADA
"2022"|ES12|"50401"|16362|"30401"|Z.B.S. IV.1 - OVIEDO CENTRO - NOROESTE
"2022"|ES12|"50503"|19203|"30503"|Z.B.S. V.3 - GIJON - EL NATAHOYO - TREMAÑES
"2022"|ES12|"50610"|1293|"30662"|Z.E.S. 6.2 - CABRALES - PEÑAMELLERAS
"2022"|ES12|"50303"|19093|"30303"|Z.B.S. III.3 - AVILES - LA MAGDALENA - LA CARRIONA - ILLAS
"2022"|ES12|"50807"|1263|"30881"|Z.E.S. 8.1 - CASO - SOBRESCOBIO
"2022"|ES12|"50109"|1432|"30114"|Z.E.S. 1.4 - BOAL
"2022"|ES12|"50806"|9344|"30806"|Z.B.S. VIII.6 - SAN MARTIN DEL REY AURELIO - EL ENTREGO
"2022"|ES12|"50413"|8110|"30413"|Z.B.S. IV.13 - NAVA - BIMENES - CABRANES
"2022"|ES12|"50504"|21250|"30504"|Z.B.S. V.4 - GIJON - CENTRO - CIMAVILLA
"2022"|ES12|"50407"|19426|"30407"|Z.B.S. IV.7 - OVIEDO - TEATINOS
"2022"|ES12|"50106"|645|"30111"|Z.E.S. 1.1 - TARAMUNDI
"2022"|ES12|"50307"|13674|"30307"|Z.B.S. III.7 - PRAVIA - MUROS - SOTO DEL BARCO
"2022"|ES12|"50201"|8740|"30201"|Z.B.S. II.1 - TINEO/TINEU
"2022"|ES12|"50804"|7128|"30804"|Z.B.S. VIII.4 - SAN MARTIN DEL REY AURELIO - SOTRONDIO - BLIMEA
"2022"|ES12|"50513"|18408|"30513"|Z.B.S. V.13 - GIJON - LAVIADA
"2022"|ES12|"50420"|21230|"30417"|Z.B.S. IV.17 - OVIEDO - VALLOBIN - SAMIGUEL
"2022"|ES12|"50706"|4329|"30706"|Z.B.S. VII.6 - ALTO ALLER - CABANAQUINTA/CABAÑAQUINTA
"2022"|ES12|"50415"|11879|"30415"|Z.B.S. IV.15 - GRADO - CANDAMO/CANDAMU - YERNES Y TAMEZA
"2022"|ES12|"50803"|12613|"30803"|Z.B.S. VIII.3 - LANGREO - SAMA - CIAÑU
"2022"|ES12|"50110"|1145|"30115"|Z.E.S. 1.5 - VILLAYON
"2022"|ES12|"50416"|6147|"30444"|Z.E.S. 4.4 - RIOSA - MORCIN - LA RIBERA/RIBERA DE ARRIBA
"2022"|ES70|"120142"|1496|"70132"|TEJEDA
"2022"|ES70|"120148"|2983|"70136"|VALLESECO
"2022"|ES70|"120256"|18701|"70419"|LA LAGUNA (UNIVERSIDAD)
"2022"|ES70|"120204"|5965|"70403"|ARICO
"2022"|ES70|"120231"|2010|"70602"|MULAGUA
"2022"|ES70|"120214"|1161|"70502"|GARAFIA
"2022"|ES70|"120245"|3774|"70508"|TAZACORTE
"2022"|ES70|"120132"|32837|"70124"|TELDE SAN GREGORIO
"2022"|ES70|"120220"|23939|"70417"|TACO
"2022"|ES70|"120215"|74932|"70412"|GRANADILLA
"2022"|ES70|"120131"|16478|"70303"|SAN BARTOLOME LANZAROTE
"2022"|ES70|"120255"|14802|"70438"|PARQUE MARITIMO
"2022"|ES70|"120117"|4309|"70302"|MALA
"2022"|ES70|"120126"|7261|"70121"|SAN NICOLAS TOLENTINO
"2022"|ES70|"120228"|35637|"70423"|LOS REALEJOS
"2022"|ES70|"120266"|8189|"70439"|EL ROSARIO
"2022"|ES70|"120144"|20957|"70305"|TIAS
"2022"|ES70|"120203"|14407|"70402"|ANAGA
"2022"|ES70|"120254"|7813|"70437"|LA MATANZA
"2022"|ES70|"120241"|13862|"70431"|SANTA URSULA
"2022"|ES70|"120128"|21581|"70122"|SAN JOSE (SAN CRISTOBAL)
"2022"|ES70|"120253"|32192|"70436"|ARONA COSTA II
"2022"|ES70|"120222"|16393|"70419"|LAGUNA FINCA-ESPAÑA
"2022"|ES70|"120226"|21573|"70422"|LOS GLADIOLOS
"2022"|ES70|"120137"|13323|"70129"|SANTA MARIA DE GUIA
"2022"|ES70|"120146"|13306|"70135"|TRIANA
"2022"|ES70|"120133"|8216|"70125"|TELDE SAN JUAN
"2022"|ES70|"120106"|34701|"70104"|ARUCAS
"2022"|ES70|"120149"|8706|"70137"|VALSEQUILLO DE GRAN CANARIA
"2022"|ES70|"120130"|21110|"70203"|PUERTO DEL ROSARIO
"2022"|ES70|"120240"|14008|"70430"|SAN ANTONIO
"2022"|ES70|"120103"|28092|"70103"|ALCARAVANERAS
"2022"|ES70|"120155"|26945|"70203"|II PUERTO DEL ROSARIO (SUR)
"2022"|ES70|"120209"|25244|"70408"|BARRIO DE LA SALUD
"2022"|ES70|"120201"|47402|"70401"|ADEJE
"2022"|ES70|"120232"|20679|"70425"|OFRA-DELICIAS
"2022"|ES70|"120242"|9227|"70432"|SANTIAGO DEL TEIDE
"2022"|ES70|"120101"|4807|"70101"|AGAETE
"2022"|ES70|"120239"|5630|"70506"|SAN ANDRES Y SAUCES
"2022"|ES70|"120127"|16052|"70202"|PENINSULA DE JANDIA
"2022"|ES70|"120107"|19303|"70105"|BARRIO ATLANTICO
"2022"|ES70|"120206"|28824|"70405"|ARONA VILAFLOR
"2022"|ES70|"120141"|16221|"70304"|TEGUISE
"2022"|ES70|"120219"|24110|"70416"|LA CUESTA
"2022"|ES70|"120213"|6419|"70501"|EL PASO
"2022"|ES70|"120139"|15345|"70130"|TAFIRA/LOMO BLANCO
"2022"|ES70|"120123"|28230|"70118"|MILLER BAJO
"2022"|ES70|"120208"|42036|"70407"|BARRANCO GRANDE
"2022"|ES70|"120246"|28535|"70434"|TEJINA - TEGUESTE
"2022"|ES70|"120120"|24504|"70201"|LA OLIVA
"2022"|ES70|"120102"|26334|"70102"|AGUIMES
"2022"|ES70|"120248"|20358|"70435"|TOSCAL CENTRO
"2022"|ES70|"120125"|6623|"70120"|MOYA
"2022"|ES70|"120230"|6077|"70505"|MAZO
"2022"|ES70|"120119"|24540|"70115"|JINAMAR
"2022"|ES70|"120150"|79029|"70138"|VECINDARIO
"2022"|ES70|"120138"|20609|"70111"|SCHAMANN
"2022"|ES70|"120112"|23993|"70110"|TELDE CALERO
"2022"|ES70|"120247"|4054|"70509"|TIJARAFE
"2022"|ES70|"120121"|13457|"70116"|LAS REMUDAS
"2022"|ES70|"120237"|8248|"70603"|SAN SEBASTIAN DE LA GOMERA
"2022"|ES70|"120115"|22025|"70106"|GALDAR
"2022"|ES70|"120244"|31249|"70433"|TACORONTE
"2022"|ES70|"120210"|22152|"70409"|DUGGI CENTRO
"2022"|ES70|"120202"|2131|"70601"|ALAJERO
"2022"|ES70|"120129"|26294|"70123"|LA ISLETA
"2022"|ES70|"120143"|9135|"70133"|TEROR
"2022"|ES70|"120111"|23896|"70109"|CUEVAS TORRES
"2022"|ES70|"120145"|1924|"70134"|SAN BARTOLOME DE TIRAJANA
"2022"|ES70|"120227"|20193|"70504"|LOS LLANOS DE ARIDANE
"2022"|ES70|"120118"|31496|"70114"|INGENIO
"2022"|ES70|"120153"|5221|"70205"|ANTIGUA-BETANCURIA
"2022"|ES70|"120251"|1779|"70605"|VALLEHERMOSO
"2022"|ES70|"120223"|19286|"70420"|LAS MERCEDES
"2022"|ES70|"120109"|32120|"70107"|CANALEJAS
"2022"|ES70|"120236"|9447|"70428"|LA GUANCHA
"2022"|ES70|"120218"|31156|"70415"|ICOD
"2022"|ES70|"120110"|17693|"70108"|CONO SUR
"2022"|ES70|"120250"|3350|"70604"|VALLE GRAN REY
"2022"|ES70|"120235"|10893|"70411"|LA VERA
"2022"|ES70|"120207"|11752|"70406"|AÑAZA
"2022"|ES70|"120243"|19318|"70507"|SANTA CRUZ DE LA PALMA
"2022"|ES70|"120147"|18752|"70204"|TUINEJE-PAJARA
"2022"|ES70|"120238"|10213|"70429"|SALAMANCA
"2022"|ES70|"120135"|8236|"70127"|SAN ROQUE (TRIANA)
"2022"|ES70|"120221"|38247|"70418"|ROSARIO - GENETO
"2022"|ES70|"120116"|48841|"70113"|GUANARTEME
"2022"|ES70|"120134"|6402|"70126"|SAN MATEO
"2022"|ES70|"120229"|8318|"70424"|LOS SILOS
"2022"|ES70|"120124"|21771|"70119"|ARGUINEGUIN
"2022"|ES13|"060102"|4925|"140206"|ALTO ASON
"2022"|ES13|"060210"|9367|"140410"|SAN VICENTE
"2022"|ES13|"060125"|14490|"140108"|MARUCA
"2022"|ES13|"060105"|18480|"140116"|BAJO PAS
"2022"|ES13|"060114"|12778|"140201"|LAREDO
"2022"|ES13|"060116"|8556|"140208"|MERUELO
"2022"|ES13|"060106"|14343|"140113"|CAMARGO-INTERIOR
"2022"|ES13|"060207"|2016|"140411"|NANSA
"2022"|ES13|"060129"|13709|"140110"|NUEVA MONTAŃA
"2022"|ES13|"060208"|9895|"140406"|POLANCO
"2022"|ES13|"060201"|14813|"140408"|ALTAMIRA
"2022"|ES13|"060115"|18602|"140111"|BEZANA
"2022"|ES13|"060214"|12621|"140404"|TORRELAVEGA - CARTES
"2022"|ES13|"060122"|10987|"140207"|SANTOŃA
"2022"|ES13|"060209"|14488|"140409"|SAJA
"2022"|ES13|"060110"|22680|"140115"|CUDEYO
"2022"|ES13|"060109"|10915|"140202"|COLINDRES
"2022"|ES13|"060124"|24170|"140106"|VARGAS
"2022"|ES13|"060211"|18249|"140402"|TORRELAVEGA - CENTRO (ZAPATON)
"2022"|ES13|"060101"|17803|"140203"|LA BARRERA
"2022"|ES13|"060126"|19737|"140109"|EL ALISAL
"2022"|ES13|"060103"|4918|"140120"|ALTO PAS
"2022"|ES13|"060113"|8385|"140209"|GAMA
"2022"|ES13|"060127"|16380|"140112"|CAMARGO-COSTA
"2022"|ES13|"060123"|15777|"140101"|SARDINERO
"2022"|ES13|"060112"|22248|"140114"|ASTILLERO
"2022"|ES13|"060107"|10567|"140107"|CAZOŃA
"2022"|ES13|"060104"|6865|"140205"|BAJO ASON
"2022"|ES13|"060213"|12242|"140403"|TORRELAVEGA - SUR (COVADONGA)
"2022"|ES13|"060120"|15623|"140105"|PUERTO
"2022"|ES13|"060128"|15163|"140204"|CASTRO URDIALES SUR
"2022"|ES13|"060212"|15870|"140401"|TORRELAVEGA - NORTE (DOBRA)
"2022"|ES13|"060108"|18828|"140104"|CENTRO
"2022"|ES13|"060121"|18938|"140102"|PUERTOCHICO
"2022"|ES13|"060215"|16827|"140413"|CAMPOO - LOS VALLES
"2022"|ES22|"3"|9307|"80101"|ALTSASU/ALSASUA
"2022"|ES22|"49"|6586|"80102"|ETXARRI-ARANATZ
"2022"|ES22|"56"|8290|"80103"|IRURTZUN
"2022"|ES22|"62"|4008|"80104"|LEITZA
"2022"|ES22|"64"|8358|"80105"|LESAKA
"2022"|ES22|"43"|8336|"80106"|ELIZONDO
"2022"|ES22|"41"|5533|"80107"|DONEZTEBE/SANTESTEBAN
"2022"|ES22|"107"|2988|"80108"|ULTZAMA
"2022"|ES22|"13"|1978|"80109"|AURITZ/BURGUETE
"2022"|ES22|"9"|4200|"80110"|AOIZ
"2022"|ES22|"116"|12754|"80112"|VILLAVA
"2022"|ES22|"26"|18192|"80113"|BURLADA
"2022"|ES22|"19"|14473|"80114"|BERRIOZAR
"2022"|ES22|"79"|7734|"80115"|ORCOYEN
"2022"|ES22|"91"|12683|"80116"|SAN JORGE
"2022"|ES22|"85"|25716|"80117"|ROCHAPEA
"2022"|ES22|"36"|20131|"80118"|CHANTREA
"2022"|ES22|"54"|15563|"80120"|II ENSANCHE
"2022"|ES22|"73"|12504|"80121"|MILAGROSA
"2022"|ES22|"60"|16330|"80122"|ITURRAMA
"2022"|ES22|"45"|15718|"80124"|ERMITAGAÑA
"2022"|ES22|"118"|23079|"80125"|ZIZUR-ECHAVACOIZ
"2022"|ES22|"17"|21417|"80126"|BARAÑÁIN
"2022"|ES22|"83"|7602|"80127"|PUENTE LA REINA
"2022"|ES22|"75"|15637|"80128"|NOÁIN
"2022"|ES22|"96"|9296|"80129"|SANGÜESA
"2022"|ES22|"87"|1121|"80130"|VALLE DE SALAZAR
"2022"|ES22|"58"|906|"80131"|ISABA
"2022"|ES22|"47"|18356|"80332"|ESTELLA
"2022"|ES22|"1"|4355|"80334"|ALLO
"2022"|ES22|"5"|3582|"80335"|ANCÍN-AMÉSCOA
"2022"|ES22|"112"|4619|"80337"|VIANA
"2022"|ES22|"67"|10976|"80338"|LODOSA
"2022"|ES22|"89"|14126|"80339"|SAN ADRIÁN
"2022"|ES22|"100"|12910|"80140"|TAFALLA
"2022"|ES22|"11"|5189|"80141"|ARTAJONA
"2022"|ES22|"30"|4424|"80142"|CARCASTILLO
"2022"|ES22|"77"|8470|"80143"|OLITE
"2022"|ES22|"104"|14365|"80245"|TUDELA OESTE
"2022"|ES22|"102"|23500|"80246"|TUDELA ESTE
"2022"|ES22|"110"|13096|"80247"|VALTIERRA-CADREITA
"2022"|ES22|"39"|12817|"80248"|CORELLA
"2022"|ES22|"37"|10361|"80249"|CINTRUÉNIGO
"2022"|ES22|"32"|12077|"80250"|CASCANTE
"2022"|ES22|"24"|12600|"80251"|BUÑUEL
"2022"|ES22|"15"|13565|"80161"|AZPILAGAÑA
"2022"|ES22|"71"|12241|"80163"|MENDILLORRI
"2022"|ES22|"7"|10804|"80164"|ANSOÁIN
"2022"|ES22|"98"|19956|"80167"|SARRIGUREN
"2022"|ES22|"122"|11846|"80121"|ARANGUREN
"2022"|ES21|"5021"|16984|"40121"|OLARIZU
"2022"|ES21|"22020"|15005|"41020"|BERAUN - ERRENTERIA
"2022"|ES21|"5022"|3240|"40118"|IRUÑA DE LA OCA
"2022"|ES21|"42017"|14407|"40617"|ZORROZA
"2022"|ES21|"42009"|25375|"40609"|DEUSTO
"2022"|ES21|"43014"|9975|"40314"|LEKEITIO
"2022"|ES21|"44010"|27078|"40410"|SOPELA
"2022"|ES21|"42011"|10281|"40611"|LA PEÑA
"2022"|ES21|"5013"|9280|"40113"|RIOJA
"2022"|ES21|"42021"|10180|"40621"|SAN ADRIAN
"2022"|ES21|"42016"|14552|"40616"|TXURDINAGA CENTRO SALUD
"2022"|ES21|"43013"|7939|"40313"|GERNIKALDEA
"2022"|ES21|"47021"|11629|"40521"|ZALLA
"2022"|ES21|"5006"|15281|"40106"|LAKUA - ARRIAGA
"2022"|ES21|"44005"|12445|"40405"|GORLIZ-PLENTZIA
"2022"|ES21|"5020"|14465|"40120"|ZARAMAGA
"2022"|ES21|"43012"|18964|"40312"|GERNIKA
"2022"|ES21|"22023"|32246|"41023"|ZARAUTZ - ORIO - AIA
"2022"|ES21|"42024"|19666|"40603"|MIRIBILLA-LA MERCED
"2022"|ES21|"22005"|14448|"41005"|EGIA
"2022"|ES21|"47011"|16996|"40511"|PORTUGALETE CENTRO
"2022"|ES21|"47020"|11449|"40920"|RONTEGI
"2022"|ES21|"27015"|11767|"40215"|OÑATI
"2022"|ES21|"47019"|12922|"40919"|ZABALLA C.S.
"2022"|ES21|"42010"|21160|"40610"|INDAUTXU
"2022"|ES21|"5017"|8437|"40117"|SANSOMENDI
"2022"|ES21|"43004"|15984|"40304"|ARRIGORRIAGA
"2022"|ES21|"47005"|8262|"40505"|GUEÑES
"2022"|ES21|"99028"|11019|"40628"|KARMELO
"2022"|ES21|"43011"|31845|"40311"|GALDAKAO
"2022"|ES21|"99038"|12990|"40538"|BUENAVISTA
"2022"|ES21|"43016"|6465|"40316"|MARKINA-XEMEIN
"2022"|ES21|"42001"|14106|"40601"|JAVIER SAENZ DE BURUAGA
"2022"|ES21|"22024"|17575|"41024"|ZUMAIA - ZESTOA - GETARIA
"2022"|ES21|"22019"|10454|"41019"|PASAJES SAN PEDRO
"2022"|ES21|"44004"|14031|"40404"|ERANDIO
"2022"|ES21|"5016"|32586|"40116"|SAN MARTIN
"2022"|ES21|"42014"|24651|"40614"|SAN IGNACIO
"2022"|ES21|"27009"|10622|"40709"|DEBA
"2022"|ES21|"43008"|18861|"40308"|BERMEO
"2022"|ES21|"42004"|21571|"40604"|BASURTO
"2022"|ES21|"47010"|8629|"40510"|ORTUELLA
"2022"|ES21|"44006"|34197|"40406"|LAS ARENAS
"2022"|ES21|"27012"|17026|"40712"|ERMUA
"2022"|ES21|"43017"|9464|"40317"|ONDARROA
"2022"|ES21|"27004"|24763|"40204"|ARRASATE
"2022"|ES21|"43003"|13670|"40303"|ARRATIA
"2022"|ES21|"22003"|6693|"41003"|PASAI ANTXO
"2022"|ES21|"5002"|15086|"40102"|ARANBIZKARRA I
"2022"|ES21|"42012"|11272|"40612"|OTXARKOAGA
"2022"|ES21|"22002"|32629|"41002"|AMARA BERRI
"2022"|ES21|"47022"|17923|"40922"|ZUAZO
"2022"|ES21|"27001"|6630|"41095"|ALEGIA
"2022"|ES21|"43007"|15136|"40307"|BASAURI-KAREAGA
"2022"|ES21|"43005"|19361|"40305"|AIALA
"2022"|ES21|"27019"|16003|"41099"|VILLABONA
"2022"|ES21|"99018"|21070|"40699"|GAZTELEKU
"2022"|ES21|"27011"|17935|"40711"|ELGOIBAR
"2022"|ES21|"5008"|2553|"40108"|MONTAÑA ALAVESA
"2022"|ES21|"22015"|10538|"41015"|OIARTZUN
"2022"|ES21|"43010"|11020|"40310"|ETXEBARRI
"2022"|ES21|"5018"|1752|"40118"|VALLES I
"2022"|ES21|"47016"|18708|"40516"|SANTURTZI MAMARIGA
"2022"|ES21|"43015"|22966|"40315"|LLODIO
"2022"|ES21|"44012"|19732|"40412"|ALANGO
"2022"|ES21|"43020"|8517|"40899"|LAZKAO
"2022"|ES21|"5004"|18464|"40104"|CASCO VIEJO VITORIA
"2022"|ES21|"22025"|13368|"41025"|AMARA CENTRO
"2022"|ES21|"27010"|19185|"40710"|EIBAR
"2022"|ES21|"44009"|27538|"40409"|MUNGIA
"2022"|ES21|"47001"|17039|"40501"|ABANTO-MUSKIZ
"2022"|ES21|"5001"|3970|"40101"|ABETXUKO
"2022"|ES21|"27006"|16596|"40806"|AZPEITIA
"2022"|ES21|"47004"|10071|"40904"|DESIERTO
"2022"|ES21|"27020"|18342|"40820"|ZUMARRAGA
"2022"|ES21|"22012"|30273|"41112"|DUMBOA
"2022"|ES21|"5026"|26268|"40126"|ZABALGANA
"2022"|ES21|"22009"|17966|"41109"|HONDARRIBIA
"2022"|ES21|"47003"|11717|"40503"|BALMASEDA
"2022"|ES21|"22014"|7622|"41014"|LOIOLA
"2022"|ES21|"44011"|19177|"40411"|TXORIERRI
"2022"|ES21|"27007"|22684|"40807"|BEASAIN
"2022"|ES21|"22013"|26548|"41013"|LASARTE - USURBIL
"2022"|ES21|"5027"|17989|"40127"|SALBURUA
"2022"|ES21|"44008"|25282|"40408"|LEIOA
"2022"|ES21|"22006"|29498|"41006"|GROS
"2022"|ES21|"47047"|30443|"40147"|LAKUABIZKARRA
"2022"|ES21|"47007"|22330|"40907"|LA PAZ
"2022"|ES21|"27017"|20168|"41098"|TOLOSA
"2022"|ES21|"5005"|11843|"40105"|LA HABANA
"2022"|ES21|"47013"|19816|"40913"|SAN VICENTE
"2022"|ES21|"44003"|10439|"40403"|ASTRABUDUA
"2022"|ES21|"27014"|8645|"40814"|LEGAZPI
"2022"|ES21|"27002"|9744|"40702"|TORREKUA
"2022"|ES21|"43002"|20514|"40302"|AMOREBIETA
"2022"|ES21|"47008"|7619|"40908"|LUTXANA
"2022"|ES21|"44002"|32971|"40402"|ALGORTA
"2022"|ES21|"47017"|17606|"40917"|SESTAO MARKONZAGA
"2022"|ES21|"22001"|19138|"41001"|ALZA-ROTETA
"2022"|ES21|"99033"|11261|"40633"|MINA DEL MORRO
"2022"|ES21|"27018"|11461|"40218"|VALLE DE LENIZ
"2022"|ES21|"5007"|12570|"40107"|LLANADA ALAVESA
"2022"|ES21|"42015"|15308|"40615"|SANTUTXU-SOLOKOETXE
"2022"|ES21|"47006"|10283|"40906"|SESTAO KUETO
"2022"|ES21|"47012"|19430|"40512"|PORTUGALETE REPELEGA
"2022"|ES21|"42007"|40825|"40607"|BOMBERO ETXANIZ
"2022"|ES21|"47015"|25667|"40515"|SANTURTZI KABIEZES
"2022"|ES21|"22010"|11136|"41010"|INTXAURRONDO
"2022"|ES21|"67"|15592|"40167"|GAZALBIDE TXAGORRITXU
"2022"|ES21|"27008"|17955|"40208"|BERGARA
"2022"|ES21|"27013"|7618|"41097"|IBARRA
"2022"|ES21|"42018"|9362|"40618"|ZURBARAN
"2022"|ES21|"27016"|14346|"40816"|ORDIZIA
"2022"|ES41|"705001009"|16547|"170122"|AVILA SUR ESTE
"2022"|ES41|"709001814"|11538|"170237"|LAS HUELGAS
"2022"|ES41|"724002213"|1054|"170310"|LA CABRERA
"2022"|ES41|"724002244"|18785|"170328"|TROBAJO DEL CAMINO-VALVERDE DE LA VIRGEN
"2022"|ES41|"734000941"|19968|"170509"|LA PUEBLA
"2022"|ES41|"734000940"|17937|"170508"|LOS JARDINILLOS y PAN Y GUINDAS
"2022"|ES41|"734000924"|22216|"170513"|PINTOR OLIVA
"2022"|ES41|"740000971"|18133|"170709"|SEGOVIA II
"2022"|ES41|"747001971"|24138|"170916"|PISUERGA
"2022"|ES41|"749001183"|7890|"171122"|ZAMORA SUR
"2022"|ES41|"749001162"|7070|"171121"|ZAMORA NORTE
"2022"|ES41|"749001178"|19860|"171120"|VIRGEN DE LA CONCHA
"2022"|ES41|"749001177"|3565|"171119"|VILLALPANDO
"2022"|ES41|"749001188"|3459|"171116"|TABARA
"2022"|ES41|"749001185"|5023|"171115"|SAYAGO
"2022"|ES41|"749001171"|3955|"171114"|SANABRIA
"2022"|ES41|"749001184"|12016|"171112"|DR FLEMING
"2022"|ES41|"749001187"|2163|"171109"|CARBALLEDA
"2022"|ES41|"749001166"|2953|"171107"|CAMPOS - LAMPREANA
"2022"|ES41|"749001174"|3052|"171106"|TERA
"2022"|ES41|"749001182"|14491|"171105"|BENAVENTE SUR
"2022"|ES41|"749001179"|12251|"171104"|BENAVENTE NORTE
"2022"|ES41|"749001164"|557|"171103"|ALTO SANABRIA
"2022"|ES41|"749001165"|4656|"171102"|ALISTE
"2022"|ES41|"749002308"|14668|"171101"|PARADA DEL MOLINO
"2022"|ES41|"747001951"|7717|"171026"|CIGALES
"2022"|ES41|"747001957"|9230|"171025"|VALLADOLID RURAL I
"2022"|ES41|"747001947"|17920|"171024"|CENTRO - GAMAZO
"2022"|ES41|"747001961"|7702|"171021"|MEDINA DEL CAMPO RURAL
"2022"|ES41|"747001963"|4036|"171020"|OLMEDO
"2022"|ES41|"747001964"|4872|"171017"|SERRADA
"2022"|ES41|"747001949"|11271|"171016"|PORTILLO
"2022"|ES41|"747001930"|9363|"171015"|PENAFIEL
"2022"|ES41|"747001969"|26860|"171014"|SAN PABLO
"2022"|ES41|"747001938"|9264|"171011"|RONDILLA I
"2022"|ES41|"747001937"|13520|"171010"|PLAZA CIRCULAR
"2022"|ES41|"747001969"|26860|"171009"|PILARICA
"2022"|ES41|"747001941"|13677|"171008"|SAN ISIDRO - PAJARILLOS
"2022"|ES41|"747001960"|11165|"171006"|ISCAR
"2022"|ES41|"747001934"|15184|"171003"|CIRCUNVALACION
"2022"|ES41|"747004051"|1327|"171002"|ESGUEVILLAS DE ESGUEVA
"2022"|ES41|"747001931"|5763|"171001"|BARRIO ESPANA
"2022"|ES41|"747001935"|19971|"170928"|DELICIAS II
"2022"|ES41|"747001973"|9768|"170926"|VALLADOLID RURAL II
"2022"|ES41|"747001959"|2332|"170925"|VILLALON DE CAMPOS
"2022"|ES41|"747001944"|2118|"170924"|VILLAFRECHOS
"2022"|ES41|"747001956"|11541|"170920"|TORDESILLAS
"2022"|ES41|"747001965"|22284|"170919"|VALLADOLID SUR
"2022"|ES41|"747001955"|1815|"170914"|MOTA DEL MARQUES
"2022"|ES41|"747001953"|2607|"170910"|MAYORGA
"2022"|ES41|"747001948"|24718|"170907"|HUERTA DEL REY
"2022"|ES41|"747001950"|18595|"170906"|ESPERANTO
"2022"|ES41|"747001946"|13827|"170903"|CAMPO GRANDE
"2022"|ES41|"747001945"|18519|"170902"|ARTURO EYRIES
"2022"|ES41|"742000765"|23002|"170814"|SORIA SUR
"2022"|ES41|"742000755"|19540|"170813"|SORIA NORTE
"2022"|ES41|"742000764"|965|"170812"|SAN PEDRO MANRIQUE
"2022"|ES41|"742000757"|7843|"170811"|SORIA RURAL
"2022"|ES41|"742000763"|3897|"170810"|SAN LEONARDO DE YAGUE
"2022"|ES41|"742000766"|3286|"170809"|PINARES - COVALEDA
"2022"|ES41|"742000760"|4372|"170808"|OLVEGA
"2022"|ES41|"742000759"|1098|"170807"|GOMARA
"2022"|ES41|"742000762"|4351|"170806"|SAN ESTEBAN DE GORMAZ
"2022"|ES41|"742000754"|1425|"170804"|BERLANGA DE DUERO
"2022"|ES41|"742000753"|3032|"170803"|ARCOS DE JALON
"2022"|ES41|"742000751"|3561|"170801"|AGREDA
"2022"|ES41|"740000960"|861|"170716"|SACRAMENIA
"2022"|ES41|"740000959"|5076|"170715"|SAN ILDEFONSO O LA GRANJA
"2022"|ES41|"740000965"|9395|"170714"|EL ESPINAR
"2022"|ES41|"740000958"|3570|"170713"|VILLACASTIN
"2022"|ES41|"740000957"|3141|"170712"|SEPULVEDA
"2022"|ES41|"740000968"|23159|"170711"|SEGOVIA RURAL
"2022"|ES41|"740000973"|15000|"170710"|SEGOVIA III
"2022"|ES41|"740000972"|20920|"170708"|SEGOVIA I
"2022"|ES41|"740000961"|4601|"170707"|RIAZA
"2022"|ES41|"740000962"|2429|"170705"|LA SIERRA
"2022"|ES41|"740000964"|1385|"170704"|FUENTESAUCO DE FUENTIDUENA
"2022"|ES41|"740000966"|14305|"170703"|CUELLAR
"2022"|ES41|"740000967"|9698|"170702"|CARBONERO EL MAYOR
"2022"|ES41|"740000969"|7598|"170701"|CANTALEJO
"2022"|ES41|"737002040"|10033|"170637"|CAPUCHINOS
"2022"|ES41|"737002033"|14454|"170636"|SAN JUAN
"2022"|ES41|"737002028"|6116|"170634"|VITIGUDINO
"2022"|ES41|"737002027"|4047|"170633"|VILLORIA
"2022"|ES41|"737002025"|8266|"170629"|SANCTI-SPIRITUS - CANALEJAS
"2022"|ES41|"737002013"|12427|"170627"|SAN JOSE
"2022"|ES41|"737002036"|14829|"170625"|PIZARRALES
"2022"|ES41|"737002023"|10003|"170624"|PENARANDA DE BRACAMONTE
"2022"|ES41|"737002041"|12603|"170623"|PERIURBANA SUR
"2022"|ES41|"737002039"|20155|"170622"|PERIURBANA NORTE
"2022"|ES41|"737002022"|2597|"170621"|PEDROSILLO EL RALO
"2022"|ES41|"737002021"|1738|"170620"|MIRANDA DEL CASTANAR
"2022"|ES41|"737002020"|1773|"170619"|MATILLA DE LOS CANOS DEL RIO
"2022"|ES41|"737002019"|3290|"170618"|LUMBRALES
"2022"|ES41|"737002008"|1931|"170615"|LA ALBERCA
"2022"|ES41|"737002029"|17598|"170614"|ALAMEDILLA
"2022"|ES41|"737002034"|18388|"170611"|GARRIDO NORTE
"2022"|ES41|"737002014"|1861|"170609"|FUENTEGUINALDO
"2022"|ES41|"737002016"|3086|"170608"|FUENTE DE SAN ESTEBAN (LA)
"2022"|ES41|"737002031"|20800|"170607"|SAN BERNARDO OESTE
"2022"|ES41|"737002038"|14620|"170606"|CIUDAD RODRIGO
"2022"|ES41|"737003692"|2335|"170604"|CALZADA DE VALDUNCIEL
"2022"|ES41|"737002030"|16212|"170603"|BEJAR
"2022"|ES41|"734000937"|6118|"170520"|VILLAMURIEL DE CERRATO
"2022"|ES41|"734000936"|1615|"170519"|VILLADA
"2022"|ES41|"734000938"|2091|"170518"|VILLARRAMIEL
"2022"|ES41|"734000935"|9900|"170517"|VENTA DE BANOS
"2022"|ES41|"734000934"|1935|"170516"|TORQUEMADA
"2022"|ES41|"734000923"|19978|"170515"|SAN JUANILLO
"2022"|ES41|"734000944"|5927|"170514"|SALDANA
"2022"|ES41|"734000932"|3034|"170512"|PAREDES DE NAVA
"2022"|ES41|"734000922"|5102|"170511"|PALENCIA RURAL
"2022"|ES41|"734000931"|2181|"170510"|OSORNO
"2022"|ES41|"734000943"|3525|"170504"|CERVERA DE PISUERGA
"2022"|ES41|"734000928"|3888|"170503"|CARRION DE LOS CONDES
"2022"|ES41|"734000926"|2135|"170502"|BALTANAS
"2022"|ES41|"734000925"|8616|"170501"|AGUILAR DE CAMPOO
"2022"|ES41|"724002243"|12670|"170411"|PONFERRADA IV
"2022"|ES41|"724002233"|6722|"170410"|VILLAFRANCA DEL BIERZO
"2022"|ES41|"724002242"|8449|"170409"|VILLABLINO
"2022"|ES41|"724002231"|4179|"170408"|TORENO
"2022"|ES41|"724002230"|2456|"170407"|PUENTE DE DOMINGO FLOREZ
"2022"|ES41|"724002228"|22232|"170405"|PONFERRADA II
"2022"|ES41|"724002239"|21410|"170404"|PONFERRADA I
"2022"|ES41|"724002227"|6511|"170403"|FABERO
"2022"|ES41|"724002226"|12151|"170402"|CACABELOS
"2022"|ES41|"724002225"|14515|"170401"|BEMBIBRE
"2022"|ES41|"724002245"|9315|"170327"|VALENCIA DE DON JUAN
"2022"|ES41|"724002223"|3466|"170326"|VALDERAS
"2022"|ES41|"724002220"|4538|"170323"|SAHAGUN DE CAMPOS
"2022"|ES41|"724002234"|1957|"170322"|RIBERA DE ORBIGO
"2022"|ES41|"724002219"|13215|"170321"|RIBERA DEL ESLA
"2022"|ES41|"724002218"|1364|"170320"|RIANO
"2022"|ES41|"724002214"|4845|"170318"|MANSILLA DE LAS MULAS
"2022"|ES41|"724002236"|24293|"170317"|LEON VI - JOSE AGUADO
"2022"|ES41|"724002210"|12869|"170315"|LEON IV - CRUCERO
"2022"|ES41|"724002237"|20464|"170314"|LEON III - LA CONDESA
"2022"|ES41|"724002241"|24553|"170313"|LEON II - LA PALOMERA
"2022"|ES41|"724002240"|36614|"170312"|LEON I - ERAS DE RENUEVA
"2022"|ES41|"724002208"|2536|"170311"|LA MAGDALENA
"2022"|ES41|"724002212"|8790|"170309"|LA BANEZA II
"2022"|ES41|"724002207"|3271|"170305"|BONAR
"2022"|ES41|"724002247"|4117|"170303"|ASTORGA II
"2022"|ES41|"724002204"|12570|"170301"|ARMUNIA
"2022"|ES41|"709001812"|26239|"170236"|CASA LA VEGA
"2022"|ES41|"709001809"|4628|"170235"|VILLARCAYO
"2022"|ES41|"709001790"|3957|"170234"|VALLE DE MENA
"2022"|ES41|"709001791"|1130|"170232"|VALLE DE VADEBEZANA
"2022"|ES41|"709001789"|646|"170230"|VALLE DE LOSA
"2022"|ES41|"709001788"|524|"170229"|SEDANO
"2022"|ES41|"709001811"|16610|"170228"|SANTA CLARA
"2022"|ES41|"709001806"|21245|"170227"|SAN AGUSTIN
"2022"|ES41|"709003511"|3486|"170226"|SALAS DE LOS INFANTES
"2022"|ES41|"709001785"|5611|"170225"|ROA DE DUERO
"2022"|ES41|"709001813"|3076|"170224"|QUINTANAR  DE LA SIERRA
"2022"|ES41|"709001795"|1902|"170223"|PAMPLIEGA
"2022"|ES41|"709001801"|19262|"170222"|MIRANDA OESTE
"2022"|ES41|"709001808"|18520|"170221"|MIRANDA ESTE
"2022"|ES41|"709001783"|7520|"170219"|MEDINA DE POMAR
"2022"|ES41|"709001807"|14612|"170218"|LOS CUBOS
"2022"|ES41|"709002884"|6584|"170216"|LERMA
"2022"|ES41|"709001810"|1365|"170215"|HUERTA DE REY
"2022"|ES41|"709001779"|15994|"170214"|GARCIA LORCA
"2022"|ES41|"709001781"|15217|"170213"|LAS TORRES
"2022"|ES41|"709001780"|14895|"170212"|GAMONAL ANTIGUA
"2022"|ES41|"709001775"|12285|"170209"|BURGOS RURAL SUR
"2022"|ES41|"709001774"|7568|"170208"|BURGOS RURAL NORTE
"2022"|ES41|"709001803"|15468|"170207"|BURGOS CENTRO B
"2022"|ES41|"709001777"|8734|"170205"|BRIVIESCA
"2022"|ES41|"709001776"|4011|"170204"|BELORADO
"2022"|ES41|"709001799"|8052|"170202"|ARANDA DE DUERO - RURAL
"2022"|ES41|"709001797"|19829|"170201"|ARANDA  DE DUERO NORTE
"2022"|ES41|"705001001"|2167|"170120"|MUNANA
"2022"|ES41|"705001005"|12458|"170119"|SOTILLO DE LA ADRADA
"2022"|ES41|"705001004"|2105|"170118"|SAN PEDRO DEL ARROYO
"2022"|ES41|"705001003"|3655|"170117"|PIEDRAHITA
"2022"|ES41|"705001000"|2843|"170116"|MOMBELTRAN
"2022"|ES41|"705001008"|2379|"170115"|MADRIGAL DE LAS ALTAS TORRES
"2022"|ES41|"705000988"|6484|"170114"|LAS NAVAS DEL MARQUES
"2022"|ES41|"705000989"|1502|"170113"|GREDOS
"2022"|ES41|"705000998"|2169|"170112"|FONTIVEROS
"2022"|ES41|"705000996"|9112|"170111"|CEBREROS
"2022"|ES41|"705001973"|5144|"170109"|BURGOHONDO
"2022"|ES41|"705001007"|14456|"170107"|AVILA SUR OESTE
"2022"|ES41|"705000999"|2822|"170106"|LANZAHITA
"2022"|ES41|"705001006"|11299|"170104"|AVILA NORTE
"2022"|ES41|"705000990"|16869|"170103"|AVILA ESTACION
"2022"|ES41|"705000993"|13793|"170102"|AREVALO
"2022"|ES41|"709001798"|16092|"170203"|ARANDA DE DUERO SUR
"2022"|ES41|"724002235"|23117|"170316"|LEON V - JOSE AGUADO
"2022"|ES41|"749001181"|5159|"171113"|LA GUARENA
"2022"|ES12|"50300"|1607|"50300"|"50300"
"2022"|ES12|"50400"|4427|"50400"|"50400"
"2022"|ES12|"50800"|520|"50800"|"50800"
"2022"|ES12|"50500"|7225|"50500"|"50500"
"2022"|ES12|"50100"|761|"50100"|"50100"
"2022"|ES12|"50600"|617|"50600"|"50600"
"2022"|ES21|"62"|12552|"62"|NA AIETE
"2022"|ES30|"16010110"|14741|"160131"|VILLAREJO DE SALVANES
"2022"|ES30|"16010210"|19365|"160118"|MORATA-PERALES DE TAJUNA
"2022"|ES30|"16010310"|22558|"160106"|CAMPO REAL
"2022"|ES30|"16010410"|23074|"160104"|ARGANDA DEL REY-FELICIDAD
"2022"|ES30|"16010610"|31088|"160123"|RIVAS
"2022"|ES30|"16010710"|33310|"160132"|VINATEROS - TORITO
"2022"|ES30|"16011310"|33231|"160116"|PACIFICO
"2022"|ES30|"16011410"|33383|"160112"|IBIZA
"2022"|ES30|"16011910"|19358|"160115"|NUMANCIA-PENAPRIETA
"2022"|ES30|"16012010"|16784|"160113"|MARTINEZ DE LA RIVA
"2022"|ES30|"16012110"|26608|"160103"|ANGELA URIARTE
"2022"|ES30|"16012410"|9485|"160121"|POZO DE TIO RAIMUNDO
"2022"|ES30|"16012610"|20663|"160120"|PORTAZGO
"2022"|ES30|"16012710"|21587|"160122"|RAFAEL ALBERTI-FEDERICA MONTSENY
"2022"|ES30|"16012910"|28627|"160130"|VILLA VALLECAS
"2022"|ES30|"16013010"|26917|"160126"|SANTA EUGENIA
"2022"|ES30|"16013110"|12799|"160102"|ALCALA DE GUADAIRA
"2022"|ES30|"16013210"|27628|"160109"|ENTREVIAS
"2022"|ES30|"16013510"|37319|"160117"|VANDEL-PAVONES
"2022"|ES30|"16013710"|26725|"160101"|ADELFAS
"2022"|ES30|"16013810"|19090|"160127"|VALDEBERNARDO
"2022"|ES30|"16014010"|32206|"160129"|VICALVARO - VILLABLANCA-VALDERRIBAS
"2022"|ES30|"16014110"|32947|"160104"|ARGANDA DEL REY-FELICIDAD
"2022"|ES30|"16014210"|33845|"160108"|ENSANCHE VALLECAS
"2022"|ES30|"16021110"|22229|"160206"|DOCTOR TAMAMES
"2022"|ES30|"16021210"|12936|"160216"|VALLEGUADO-COSLADA-JAIME VERA
"2022"|ES30|"16021310"|24375|"160216"|VALLEGUADO-COSLADA-JAIME VERA
"2022"|ES30|"16021410"|12426|"160204"|CIUDAD SAN PABLO
"2022"|ES30|"16021510"|18807|"160209"|LOS ALPERCHINES
"2022"|ES30|"16021610"|21768|"160214"|SAN FERNANDO
"2022"|ES30|"16021710"|34675|"160210"|MEJORADA DEL CAMPO
"2022"|ES30|"16021810"|14270|"160201"|BARRIO DEL PUERTO
"2022"|ES30|"16022310"|15229|"160202"|BAVIERA
"2022"|ES30|"16022410"|39138|"160208"|GOYA-LONDRES-MONTESA
"2022"|ES30|"16022510"|26312|"160208"|GOYA-LONDRES-MONTESA
"2022"|ES30|"16022610"|22623|"160207"|CASTELLON-GENERAL ORAA
"2022"|ES30|"16022710"|18933|"160207"|CASTELLON-GENERAL ORAA
"2022"|ES30|"16022810"|13336|"160208"|GOYA-LONDRES-MONTESA
"2022"|ES30|"16023110"|9949|"160215"|SEGRE-POTOSI
"2022"|ES30|"16023310"|16721|"160213"|PROSPERIDAD
"2022"|ES30|"16023410"|18749|"160213"|PROSPERIDAD
"2022"|ES30|"16023510"|28162|"160215"|SEGRE-POTOSI
"2022"|ES30|"16023610"|28767|"160215"|SEGRE-POTOSI
"2022"|ES30|"16023710"|22811|"160211"|NUNEZ MORGADO
"2022"|ES30|"16030110"|16099|"160302"|CARMEN CALZADO
"2022"|ES30|"16030210"|13448|"160316"|PUERTA DE MADRID
"2022"|ES30|"16030310"|18811|"160315"|NTRA. SRA. DEL PILAR
"2022"|ES30|"16030410"|27570|"160310"|LUIS VIVES
"2022"|ES30|"16030710"|32250|"160319"|VIRGEN DEL VAL-JUAN DE AUSTRIA
"2022"|ES30|"16030810"|20388|"160312"|MARIA DE GUZMAN
"2022"|ES30|"16030910"|29242|"160314"|REYES MAGOS-GARENA-MIGUEL DE CERVANTES
"2022"|ES30|"16031110"|23170|"160318"|TORRES DE LA ALAMEDA
"2022"|ES30|"16031210"|30226|"160308"|LAS FRONTERAS
"2022"|ES30|"16031310"|16145|"160307"|LA VEREDILLA
"2022"|ES30|"16031510"|21098|"160301"|LOSFRESNOS-BRUJULA
"2022"|ES30|"16031610"|27641|"160306"|LA PLATA
"2022"|ES30|"16032110"|27678|"160314"|REYES MAGOS-GARENA-MIGUEL DE CERVANTES
"2022"|ES30|"16032210"|12678|"160301"|LOSFRESNOS-BRUJULA
"2022"|ES30|"16032310"|7542|"160314"|REYES MAGOS-GARENA-MIGUEL DE CERVANTES
"2022"|ES30|"16040110"|34135|"160408"|DAROCA-LAELIPA
"2022"|ES30|"16040410"|31318|"160420"|SIMANCAS-GANDHI
"2022"|ES30|"16040510"|30218|"160410"|ESTRECHO DE COREA
"2022"|ES30|"16040810"|21365|"160421"|VICENTE MUZAS
"2022"|ES30|"16040910"|23379|"160403"|AQUITANIA
"2022"|ES30|"16041210"|37509|"160407"|CANILLEJAS
"2022"|ES30|"16041310"|18199|"160417"|REJAS
"2022"|ES30|"16041410"|34465|"160402"|ALPES
"2022"|ES30|"16041710"|20411|"160405"|BENITA DE AVILA
"2022"|ES30|"16041810"|40824|"160414"|MAR BALTICO
"2022"|ES30|"16042010"|18261|"160415"|MONOVAR
"2022"|ES30|"16042110"|21658|"160404"|BARAJAS
"2022"|ES30|"16042210"|30221|"160401"|ALAMEDA DE OSUNA
"2022"|ES30|"16042510"|14430|"160422"|SANCHINARRO-VIRGEN DEL CORTIJO-LAS TABLAS
"2022"|ES30|"16042910"|19861|"160416"|QUINTA DE LOS MOLINOS
"2022"|ES30|"16043210"|22739|"160412"|GARCIA NOBLEJAS
"2022"|ES30|"16043410"|30555|"161116"|GENERAL RICARDOS-OPANEL-SANISIDRO
"2022"|ES30|"16051210"|33065|"160512"|GENERAL MOSCARDO-INFANTA MERCEDES
"2022"|ES30|"16051310"|20425|"160504"|BUSTARVIEJO
"2022"|ES30|"16051410"|27889|"160705"|CEA BERMUDEZ-REINA VICTORIA
"2022"|ES30|"16051510"|22029|"160534"|VILLAAMIL
"2022"|ES30|"16051610"|25678|"160533"|VALDEACEDERAS
"2022"|ES30|"16051710"|21973|"160515"|LA VENTILLA
"2022"|ES30|"16052010"|2384|"160509"|EL PARDO
"2022"|ES30|"16052110"|25451|"160511"|FUENCARRAL-MONTECARMELO-MIRASIERRA-FUENTERREINA
"2022"|ES30|"16052210"|9938|"160535"|VIRGEN DE BEGONA
"2022"|ES30|"16052310"|25998|"160505"|CIUDAD DE LOS PERIODISTAS
"2022"|ES30|"16052410"|40845|"160523"|PILAR
"2022"|ES30|"16053010"|36134|"160511"|FUENCARRAL-MONTECARMELO-MIRASIERRA-FUENTERREINA
"2022"|ES30|"16053110"|30212|"160501"|ALCOBENDAS-CHOPERA
"2022"|ES30|"16053310"|22996|"160518"|MIRAFLORES-LA MORALEJA
"2022"|ES30|"16053410"|16452|"160517"|MARQUES DE LA VALDAVIA-VALDELASFUENTES
"2022"|ES30|"16053610"|25024|"160517"|MARQUES DE LA VALDAVIA-VALDELASFUENTES
"2022"|ES30|"16054110"|33885|"160532"|V CENTENARIO
"2022"|ES30|"16054310"|36635|"160527"|ROSA LUXEMBURGO
"2022"|ES30|"16055110"|23363|"160506"|COLMENAR VIEJO NORTE-SUR
"2022"|ES30|"16055510"|25302|"160528"|SECTOR EMBARCACIONES-OFICIOS
"2022"|ES30|"16055610"|27050|"160506"|COLMENAR VIEJO NORTE-SUR
"2022"|ES30|"16055710"|23461|"160528"|SECTOR EMBARCACIONES-OFICIOS
"2022"|ES30|"16056110"|38158|"160502"|ALGETE-ELMOLAR
"2022"|ES30|"16056210"|33150|"160521"|PARACUELLOS DEL JARAMA
"2022"|ES30|"16056410"|33227|"160502"|ALGETE-ELMOLAR
"2022"|ES30|"16056510"|6466|"160514"|LA CABRERA
"2022"|ES30|"16056610"|6433|"160531"|TORRELAGUNA
"2022"|ES30|"16056710"|6026|"160503"|BUITRAGO DE LOZOYA
"2022"|ES30|"16056810"|2489|"160524"|RASCAFRIA
"2022"|ES30|"16056910"|24427|"160530"|SOTO DEL REAL
"2022"|ES30|"16061110"|36348|"160603"|BOADILLA DEL MONTE
"2022"|ES30|"16061210"|29981|"160616"|POZUELOS-SAN JUAN DE LA CRUZ
"2022"|ES30|"16061310"|37683|"160622"|VILLANUEVA DE LA CANADA
"2022"|ES30|"16061410"|41017|"160621"|MAJADAHONDA-VALLE OLIVA
"2022"|ES30|"16061510"|40997|"160610"|LAS ROZAS-MONTERROZAS
"2022"|ES30|"16061610"|37881|"160610"|LAS ROZAS-MONTERROZAS
"2022"|ES30|"16061910"|22185|"160616"|POZUELOS-SAN JUAN DE LA CRUZ
"2022"|ES30|"16062010"|30069|"160621"|MAJADAHONDA-VALLE OLIVA
"2022"|ES30|"16062110"|33878|"160619"|TORRELODONES
"2022"|ES30|"16062310"|41623|"160617"|SAN LORENZO DE EL ESCORIAL
"2022"|ES30|"16062410"|38532|"160618"|COLLADO VILLALBA-SIERRA GUADARRAMA
"2022"|ES30|"16062510"|28656|"160609"|GUADARRAMA
"2022"|ES30|"16062610"|14899|"160605"|CERCEDILLA
"2022"|ES30|"16062710"|11502|"160615"|ROBLEDO DE CHAVELA
"2022"|ES30|"16062810"|33804|"160618"|COLLADO VILLALBA-SIERRA GUADARRAMA
"2022"|ES30|"16062910"|16839|"160618"|COLLADO VILLALBA-SIERRA GUADARRAMA
"2022"|ES30|"16063210"|40190|"160601"|ARAVACA
"2022"|ES30|"16063310"|12601|"160604"|CASA DE CAMPO
"2022"|ES30|"16063410"|13736|"160602"|ARGUELLES
"2022"|ES30|"16063510"|12146|"160602"|ARGUELLES
"2022"|ES30|"16063610"|12853|"160620"|VALDEZARZA
"2022"|ES30|"16063710"|19875|"160620"|VALDEZARZA
"2022"|ES30|"16070110"|24004|"160702"|ANDRES MELLADO
"2022"|ES30|"16070210"|23462|"160705"|CEA BERMUDEZ-REINA VICTORIA
"2022"|ES30|"16070310"|22200|"160710"|GUZMAN EL BUENO
"2022"|ES30|"16070410"|38411|"160708"|ESPRONCEDA
"2022"|ES30|"16070610"|33054|"160707"|ELOY GONZALO
"2022"|ES30|"16071110"|23164|"160718"|PALMA UNIVERSIDAD
"2022"|ES30|"16071210"|16213|"160711"|JUSTICIA
"2022"|ES30|"16071310"|24879|"160706"|CORTES
"2022"|ES30|"16071410"|23303|"160720"|SEGOVIA
"2022"|ES30|"16071510"|22211|"160713"|LAVAPIES
"2022"|ES30|"16071610"|19781|"160701"|ALAMEDA
"2022"|ES30|"16072710"|34600|"160715"|LOS YEBENES
"2022"|ES30|"16072810"|21273|"160714"|LOS CARMENES
"2022"|ES30|"16073110"|14666|"160703"|CAMPAMENTO
"2022"|ES30|"16073210"|26271|"160712"|LAS AGUILAS
"2022"|ES30|"16073410"|10113|"160721"|VALLE INCLAN
"2022"|ES30|"16073610"|22508|"160709"|GENERAL FANJUL
"2022"|ES30|"16080210"|22473|"160819"|RAMON Y CAJAL
"2022"|ES30|"16080310"|27826|"160813"|LOS CASTILLOS
"2022"|ES30|"16080410"|24165|"160805"|LAIN ENTRALGO-TRUETA
"2022"|ES30|"16080510"|28218|"160810"|GREGORIO MARANON
"2022"|ES30|"16081110"|12550|"160805"|LAIN ENTRALGO-TRUETA
"2022"|ES30|"16082010"|19395|"160808"|EL SOTO
"2022"|ES30|"16082110"|18575|"160818"|PRESENTACION SABIO
"2022"|ES30|"16082210"|27059|"160811"|LA PRINCESA
"2022"|ES30|"16082310"|23531|"160802"|BARCELONA
"2022"|ES30|"16082510"|31830|"160806"|DOCTOR LUENGO RODRIGUEZ
"2022"|ES30|"16082610"|33359|"160804"|DOS DE MAYO
"2022"|ES30|"16082710"|22571|"160801"|ALCALDE BARTOLOME GONZALEZ
"2022"|ES30|"16082810"|27172|"160822"|VILLAVICIOSA DE ODON
"2022"|ES30|"16082910"|35260|"160817"|ARROYOMOLINOS-PARQUE COIMBRA
"2022"|ES30|"16084610"|37950|"160815"|NAVALCARNERO
"2022"|ES30|"16084710"|10116|"160821"|VILLA DEL PRADO
"2022"|ES30|"16084810"|5532|"160803"|CADALSO DE LOS VIDRIOS
"2022"|ES30|"16084910"|11559|"160820"|SAN MARTIN DE VALDEIGLESIAS-NAVAS DEL REY
"2022"|ES30|"16085010"|7264|"160820"|SAN MARTIN DE VALDEIGLESIAS-NAVAS DEL REY
"2022"|ES30|"16090110"|23882|"160903"|CUZCO
"2022"|ES30|"16090210"|27179|"160901"|ALICANTE
"2022"|ES30|"16090310"|22318|"160902"|CASTILLA LA NUEVA
"2022"|ES30|"16090410"|19414|"160904"|EL NARANJO
"2022"|ES30|"16090610"|33500|"160906"|FRANCIA
"2022"|ES30|"16090710"|26122|"160908"|HUMANES DE MADRID
"2022"|ES30|"16090810"|14409|"160907"|HUERTA DE LOS FRAILES
"2022"|ES30|"16090910"|33850|"160914"|MARIA JESUS HEREZA
"2022"|ES30|"16091010"|32998|"160918"|PIZARRO-PALOMARES
"2022"|ES30|"16091110"|24037|"160910"|LOS PEDROCHES
"2022"|ES30|"16091210"|19139|"160905"|EUROPA
"2022"|ES30|"16091310"|14763|"160912"|MARIA MONTESSORI
"2022"|ES30|"16091410"|13314|"160911"|MARIA CURIE
"2022"|ES30|"16091510"|24523|"160913"|MENDIGUCHIA CARRICHE
"2022"|ES30|"16092110"|26902|"160917"|PARQUE LORANCA
"2022"|ES30|"16092210"|14073|"160909"|LEGANES NORTE
"2022"|ES30|"16100110"|37933|"161003"|GRINON
"2022"|ES30|"16101110"|26789|"161011"|PINTORES
"2022"|ES30|"16101210"|32221|"161006"|LAS AMERICAS-ISABEL II
"2022"|ES30|"16101310"|29625|"161012"|SAN BLAS
"2022"|ES30|"16101510"|31668|"161006"|LAS AMERICAS-ISABEL II
"2022"|ES30|"16102210"|30006|"161010"|PINTO-PARQUEEUROPA
"2022"|ES30|"16103110"|30145|"161005"|JUAN DE LA CIERVA
"2022"|ES30|"16103510"|28883|"161013"|SECTOR III
"2022"|ES30|"16103610"|14644|"160919"|EL BERCIAL
"2022"|ES30|"16104010"|22054|"161014"|SANCHEZ MORATE
"2022"|ES30|"16104210"|15679|"161008"|LAS MARGARITAS-GETAFE NORTE
"2022"|ES30|"16110210"|30069|"161136"|VISTA ALEGRE
"2022"|ES30|"16110310"|32965|"161117"|BUENAVISTA-GUAYABA-CARABANCHEL ALTO
"2022"|ES30|"16110510"|16458|"161129"|PUERTA BONITA
"2022"|ES30|"16110710"|21067|"161117"|BUENAVISTA-GUAYABA-CARABANCHEL ALTO
"2022"|ES30|"16111010"|33900|"161114"|VALDEMORO-ELRESTON
"2022"|ES30|"16111110"|33575|"161114"|VALDEMORO-ELRESTON
"2022"|ES30|"16111210"|26368|"161110"|CIEMPOZUELOS
"2022"|ES30|"16111310"|17733|"161111"|COLMENAR DE OREJA
"2022"|ES30|"16111410"|40221|"161106"|ARANJUEZ
"2022"|ES30|"16111510"|18880|"161120"|LAS OLIVAS
"2022"|ES30|"16111610"|20546|"161134"|SAN MARTIN DE LA VEGA
"2022"|ES30|"16112110"|42226|"161102"|ACACIAS-IMPERIAL-ANTONIO LEYVA
"2022"|ES30|"16112210"|17564|"161124"|MARTIN DE VARGAS
"2022"|ES30|"16112310"|21626|"161109"|CHOPERA-LEGAZPI
"2022"|ES30|"16112410"|18686|"161115"|EMBAJADORES-DELICIAS
"2022"|ES30|"16112510"|13515|"161109"|CHOPERA-LEGAZPI
"2022"|ES30|"16112610"|34315|"161109"|CHOPERA-LEGAZPI
"2022"|ES30|"16112810"|9402|"161102"|ACACIAS-IMPERIAL-ANTONIO LEYVA
"2022"|ES30|"16113410"|32490|"161130"|SAN ANDRES
"2022"|ES30|"16113510"|35359|"161108"|BUTARQUE-LOS ROSALES
"2022"|ES30|"16113610"|20204|"161131"|SAN CRISTOBAL
"2022"|ES30|"16113810"|17524|"161113"|EL ESPINILLO
"2022"|ES30|"16114110"|15787|"161116"|GENERAL RICARDOS-OPANEL-SANISIDRO
"2022"|ES30|"16114310"|29823|"161116"|GENERAL RICARDOS-OPANEL-SANISIDRO
"2022"|ES30|"16114510"|21604|"161112"|COMILLAS
"2022"|ES30|"16115110"|28988|"161119"|LAS CALESAS
"2022"|ES30|"16115210"|26613|"161104"|ALMENDRALES
"2022"|ES30|"16115310"|26899|"161137"|ZOFIO
"2022"|ES30|"16115510"|22379|"161126"|ORCASITAS
"2022"|ES30|"16115610"|25373|"161132"|SAN FERMIN
"2022"|ES30|"16116010"|9532|"161128"|PERALES DEL RIO
"2022"|ES53|"140103"|25033|"100102"|SANTA PONSA
"2022"|ES53|"140106"|16980|"100105"|SON SERRA-LA VILETA-VALLDARGENT
"2022"|ES53|"140107"|21567|"100509"|COLL DEN RABASSA
"2022"|ES53|"140115"|22594|"100503"|PONT DE INCA
"2022"|ES53|"140118"|17223|"100604"|POLLENSA
"2022"|ES53|"140120"|19378|"100516"|RAFAL NOU-SON GOTLEU-SON RUTLAN
"2022"|ES53|"140123"|33503|"100111"|SESCORXADOR
"2022"|ES53|"140127"|14285|"100506"|SOLLER-SERRA NORD
"2022"|ES53|"140141"|16424|"100505"|MUNTANYA-SANTA MARIA DEL CAMI
"2022"|ES53|"140146"|15190|"100516"|RAFAL NOU-SON GOTLEU-SON RUTLAN
"2022"|ES53|"140303"|28282|"100307"|SANT ANTONI-SANT JOSEP DE SA TALIA
"2022"|ES53|"140305"|23883|"100302"|EIXAMPLE-ES VIVER
"2022"|ES53|"140308"|13910|"100307"|SANT ANTONI-SANT JOSEP DE SA TALIA
"2022"|ES53|"140101"|31950|"100106"|ARQUITECTE BENNASSAR
"2022"|ES53|"140102"|21431|"100504"|ES RAIGUER
"2022"|ES53|"140104"|30814|"100107"|CAMP REDO
"2022"|ES53|"140105"|15895|"100402"|XALOC
"2022"|ES53|"140108"|20348|"100510"|POLIGON DE LLEVANT
"2022"|ES53|"140109"|26801|"100511"|ESCOLA GRADUADA
"2022"|ES53|"140110"|8048|"100103"|TRAMUNTANA
"2022"|ES53|"140111"|18928|"100404"|FELANITX
"2022"|ES53|"140113"|21139|"100501"|MIGJORN
"2022"|ES53|"140114"|33901|"100405"|SA TORRE
"2022"|ES53|"140116"|20346|"100603"|MARINES
"2022"|ES53|"140119"|25367|"100108"|CASA DEL MAR
"2022"|ES53|"140121"|22027|"100508"|PLATJA DE PALMA
"2022"|ES53|"140122"|18639|"100605"|TORRENT DE SANT MIQUEL
"2022"|ES53|"140124"|19049|"100110"|SANTA CATALINA
"2022"|ES53|"140126"|11149|"100606"|ES PLA
"2022"|ES53|"140128"|10060|"100112"|SON CLADERA
"2022"|ES53|"140129"|15624|"100514"|SON FERRIOL
"2022"|ES53|"140134"|17772|"100409"|SES ROQUES LLISES
"2022"|ES53|"140137"|8345|"100401"|NUREDDUNA
"2022"|ES53|"140138"|20669|"100601"|SAFRA
"2022"|ES53|"140139"|23413|"100507"|TRENCADORS
"2022"|ES53|"140140"|12719|"100403"|CAPDEPERA
"2022"|ES53|"140143"|17524|"100109"|SANT AGUSTI
"2022"|ES53|"140144"|12358|"100406"|PORTO CRISTO
"2022"|ES53|"140145"|27134|"100104"|NA BURGUESA
"2022"|ES53|"140201"|13715|"100203"|ALAIOR
"2022"|ES53|"140203"|26505|"100202"|DALT SANT JOAN
"2022"|ES53|"140204"|6234|"100204"|FERRERIES
"2022"|ES53|"140205"|18366|"100205"|VERGE DEL TORO
"2022"|ES53|"140301"|10804|"100303"|FORMENTERA
"2022"|ES53|"140306"|24684|"100306"|VILA
"2022"|ES53|"140307"|12029|"100304"|SANT JORDI DE SES SALINES
"2022"|ES23|"7011210"|15834|"130112"|HARO
"2022"|ES23|"7010210"|13899|"130102"|ALFARO
"2022"|ES23|"7010410"|15936|"130104"|ARNEDO
"2022"|ES23|"7011010"|14752|"130110"|NAJERA
"2022"|ES23|"7010710"|19597|"130107"|ALBERITE-ALBELDA DE IREGUA
"2022"|ES23|"7011910"|17415|"130113"|LOGRONO
"2022"|ES23|"7011510"|23120|"130113"|LOGRONO
"2022"|ES23|"7010910"|9046|"130109"|NAVARRETE-CENICERO
"2022"|ES23|"7011610"|7713|"130113"|LOGRONO
"2022"|ES23|"7010810"|999|"130108"|CAMEROS NUEVOS-TORRECILLA EN CAMEROS
"2022"|ES23|"7010610"|292|"130106"|CAMEROS VIEJOS-SAN ROMAN DE CAMEROS
"2022"|ES23|"7011410"|26077|"130113"|LOGRONO
"2022"|ES23|"7011710"|19929|"130113"|LOGRONO
"2022"|ES23|"7011310"|9816|"130113"|LOGRONO
"2022"|ES23|"7010510"|5010|"130105"|MURILLO DE RIO LEZA-AUSEJO
"2022"|ES23|"7010110"|3182|"130101"|CERVERA DEL RIO ALHAMA
"2022"|ES23|"7011810"|24404|"130113"|LOGRONO
"2022"|ES23|"7011110"|10304|"130111"|SANTO DOMINGO DE LA CALZADA-EZCARAY
"2022"|ES23|"7012010"|13178|"130113"|LOGRONO
"2022"|ES51|"001"|6565|"605001"|AGRAMUNT
"2022"|ES51|"002"|14632|"605002"|ALCARRAS
"2022"|ES51|"003"|9719|"605003"|ALFARRAS-ALMENAR
"2022"|ES51|"005"|12288|"658005"|ANGLES
"2022"|ES51|"008"|12503|"658008"|ARBUCIES-SANT HILARI
"2022"|ES51|"009"|25057|"633009"|ARENYS DE MAR
"2022"|ES51|"011"|11452|"659011"|ARTES
"2022"|ES51|"013"|48632|"608013"|EL VENDRELL
"2022"|ES51|"014"|28306|"605014"|BALAGUER
"2022"|ES51|"015"|32940|"657015"|BANYOLES
"2022"|ES51|"016"|14983|"671016"|BARCELONA 1-A
"2022"|ES51|"017"|23565|"671017"|BARCELONA 1-B
"2022"|ES51|"018"|16389|"671018"|BARCELONA 1-C
"2022"|ES51|"020"|22069|"671020"|BARCELONA 1-E
"2022"|ES51|"021"|34872|"646021"|BARCELONA 2-A
"2022"|ES51|"022"|31008|"646022"|BARCELONA 2-B
"2022"|ES51|"023"|32010|"646023"|BARCELONA 2-C
"2022"|ES51|"024"|20405|"646024"|BARCELONA 2-D
"2022"|ES51|"025"|34779|"646025"|BARCELONA 2-E
"2022"|ES51|"027"|23061|"670027"|BARCELONA 2-G
"2022"|ES51|"029"|21353|"670029"|BARCELONA 2-I
"2022"|ES51|"030"|28789|"670030"|BARCELONA 2-J
"2022"|ES51|"031"|26181|"670031"|BARCELONA 2-K
"2022"|ES51|"032"|25147|"646032"|BARCELONA 3-A
"2022"|ES51|"034"|15290|"646034"|BARCELONA 3-C
"2022"|ES51|"038"|24587|"646038"|BARCELONA 3-G
"2022"|ES51|"039"|28694|"646039"|BARCELONA 4-A
"2022"|ES51|"040"|22494|"646040"|BARCELONA 4-B
"2022"|ES51|"041"|31859|"646041"|BARCELONA 4-C
"2022"|ES51|"043"|36296|"646043"|BARCELONA 5-B
"2022"|ES51|"045"|19995|"646045"|BARCELONA 5-D
"2022"|ES51|"046"|35597|"647046"|BARCELONA 5-E
"2022"|ES51|"047"|31130|"670047"|BARCELONA 6-A
"2022"|ES51|"048"|27724|"670048"|BARCELONA 6-B
"2022"|ES51|"049"|21906|"670049"|BARCELONA 6-C
"2022"|ES51|"050"|22234|"647050"|BARCELONA 6-D
"2022"|ES51|"051"|21979|"670051"|BARCELONA 7-A
"2022"|ES51|"052"|19217|"670052"|BARCELONA 7-B
"2022"|ES51|"053"|19770|"647053"|BARCELONA 7-C
"2022"|ES51|"054"|27965|"647054"|BARCELONA 7-D
"2022"|ES51|"055"|31206|"647055"|BARCELONA 7-E
"2022"|ES51|"056"|20461|"647056"|BARCELONA 7-F
"2022"|ES51|"062"|24760|"647062"|BARCELONA 8-F
"2022"|ES51|"064"|15854|"647064"|BARCELONA 8-H
"2022"|ES51|"065"|34681|"670065"|BARCELONA 9-A
"2022"|ES51|"067"|34872|"670067"|BARCELONA 9-C
"2022"|ES51|"070"|10767|"647070"|BARCELONA 9-F
"2022"|ES51|"071"|37707|"671071"|BARCELONA 10-A
"2022"|ES51|"072"|29949|"671072"|BARCELONA 10-B
"2022"|ES51|"073"|24141|"671073"|BARCELONA 10-C
"2022"|ES51|"074"|28477|"671074"|BARCELONA 10-D
"2022"|ES51|"077"|24419|"671077"|BARCELONA 10-G
"2022"|ES51|"078"|20188|"671078"|BARCELONA 10-H
"2022"|ES51|"079"|12800|"671079"|BARCELONA 10-I
"2022"|ES51|"080"|4773|"651080"|BASCARA
"2022"|ES51|"082"|21841|"660082"|BERGA
"2022"|ES51|"083"|6334|"653083"|BESALU
"2022"|ES51|"086"|16038|"605086"|LES BORGES BLANQUES
"2022"|ES51|"087"|6981|"607087"|LES BORGES DEL CAMP
"2022"|ES51|"089"|24241|"668089"|CALDES DE MONTBUI
"2022"|ES51|"090"|19543|"655090"|CALELLA
"2022"|ES51|"091"|35593|"607091"|CAMBRILS
"2022"|ES51|"092"|4261|"654092"|CAMPRODON
"2022"|ES51|"095"|22197|"669095"|CARDEDEU
"2022"|ES51|"097"|26929|"635097"|CASTELLAR DEL VALLES
"2022"|ES51|"100"|34075|"658100"|CASSA DE LA SELVA
"2022"|ES51|"101"|10303|"657101"|CELRA
"2022"|ES51|"102"|12712|"622102"|CENTELLES
"2022"|ES51|"104"|24356|"635104"|CERDANYOLA DEL VALLES 1
"2022"|ES51|"106"|21250|"605106"|CERVERA
"2022"|ES51|"107"|6964|"609107"|CONSTANTI
"2022"|ES51|"109"|26197|"624109"|CORNELLA DE LLOBREGAT 2
"2022"|ES51|"110"|13259|"624110"|CORNELLA DE LLOBREGAT 3
"2022"|ES51|"111"|17205|"624111"|CORNELLA DE LLOBREGAT 4
"2022"|ES51|"112"|2298|"607112"|CORNUDELLA DE MONTSANT
"2022"|ES51|"113"|15155|"649113"|DELTEBRE
"2022"|ES51|"115"|28057|"665115"|ESPARRAGUERA
"2022"|ES51|"116"|18488|"624116"|ESPLUGUES DE LLOBREGAT 1
"2022"|ES51|"118"|6746|"607118"|FALSET
"2022"|ES51|"119"|49873|"651119"|FIGUERES
"2022"|ES51|"121"|29848|"669121"|LA GARRIGA
"2022"|ES51|"122"|19358|"663122"|GAVA 1
"2022"|ES51|"123"|26840|"663123"|GAVA 2
"2022"|ES51|"125"|32711|"657125"|GIRONA 2
"2022"|ES51|"126"|36731|"657126"|GIRONA 3
"2022"|ES51|"127"|15750|"657127"|GIRONA 4
"2022"|ES51|"128"|11880|"660128"|BAIX BERGUEDA
"2022"|ES51|"129"|2467|"605129"|LA GRANADELLA
"2022"|ES51|"131"|10908|"619131"|ANOIA RURAL
"2022"|ES51|"134"|6945|"651134"|LLANCA
"2022"|ES51|"135"|18365|"605135"|LLEIDA 1 CENTRE HISTORIC-RAMBLA FERRAN
"2022"|ES51|"136"|25636|"605136"|LLEIDA 2 PRIMER DE MAIG
"2022"|ES51|"137"|21328|"605137"|LLEIDA 3 EIXAMPLE
"2022"|ES51|"138"|26023|"605138"|LLEIDA 4 BALAFIA-PARDINYES
"2022"|ES51|"139"|16579|"605139"|LLEIDA 5 CAPPONT
"2022"|ES51|"140"|17032|"605140"|LLEIDA 6 BORDETA-MAGRANERS
"2022"|ES51|"143"|28456|"655143"|MALGRAT DE MAR
"2022"|ES51|"145"|22356|"659145"|MANRESA 1
"2022"|ES51|"146"|23407|"659146"|MANRESA 2
"2022"|ES51|"147"|14922|"659147"|MANRESA 3
"2022"|ES51|"149"|30123|"665149"|MARTORELL
"2022"|ES51|"150"|14660|"668150"|MARTORELLES
"2022"|ES51|"153"|18031|"633153"|MATARO 2
"2022"|ES51|"154"|18689|"633154"|MATARO 3
"2022"|ES51|"155"|22512|"633155"|MATARO 4
"2022"|ES51|"157"|15492|"633157"|MATARO 6
"2022"|ES51|"158"|14202|"633158"|MATARO 7
"2022"|ES51|"159"|10623|"659159"|MOIA
"2022"|ES51|"160"|30448|"624160"|MOLINS DE REI
"2022"|ES51|"161"|38635|"605161"|PLA D'URGELL
"2022"|ES51|"163"|13953|"607163"|MONT-ROIG DEL CAMP
"2022"|ES51|"166"|12530|"609166"|EL MORELL
"2022"|ES51|"167"|9612|"659167"|NAVAS-BALSARENY
"2022"|ES51|"168"|24247|"665168"|OLESA DE MONTSERRAT
"2022"|ES51|"174"|6318|"603174"|PALLARS SOBIRA
"2022"|ES51|"176"|34861|"661176"|PENEDES RURAL
"2022"|ES51|"177"|7652|"651177"|PERALADA
"2022"|ES51|"179"|4406|"603179"|LA POBLA DE SEGUR
"2022"|ES51|"181"|3676|"605181"|PONTS
"2022"|ES51|"182"|22062|"625182"|EL PRAT DE LLOBREGAT 1
"2022"|ES51|"183"|30116|"625183"|EL PRAT DE LLOBREGAT 2
"2022"|ES51|"185"|6087|"622185"|LLUCANES
"2022"|ES51|"186"|38827|"633186"|PREMIA DE MAR
"2022"|ES51|"187"|14584|"654187"|RIPOLL-SANT JOAN DE LES ABADESSES
"2022"|ES51|"189"|34130|"651189"|ROSES
"2022"|ES51|"192"|24844|"635192"|SABADELL 2
"2022"|ES51|"197"|31196|"635197"|SABADELL 6
"2022"|ES51|"198"|9252|"635198"|SABADELL 7
"2022"|ES51|"200"|6752|"659200"|SALLENT
"2022"|ES51|"202"|38595|"664202"|SANT BOI DE LLOBREGAT 1
"2022"|ES51|"203"|22121|"664203"|SANT BOI DE LLOBREGAT 2
"2022"|ES51|"204"|11364|"664204"|SANT BOI DE LLOBREGAT 3
"2022"|ES51|"207"|36486|"667207"|SANT CELONI
"2022"|ES51|"208"|37492|"652208"|SANT FELIU DE GUIXOLS
"2022"|ES51|"209"|18745|"624209"|SANT FELIU DE LLOBREGAT 1
"2022"|ES51|"211"|23837|"659211"|NAVARCLES-SANT FRUITOS DE BAGES
"2022"|ES51|"212"|7053|"622212"|SANT HIPOLIT DE VOLTREGA
"2022"|ES51|"213"|20384|"624213"|SANT JOAN DESPI 1
"2022"|ES51|"214"|13835|"624214"|SANT JOAN DESPI 2
"2022"|ES51|"215"|13061|"659215"|SANT JOAN DE VILATORRADA
"2022"|ES51|"217"|4844|"622217"|SANT QUIRZE DE BESORA
"2022"|ES51|"219"|16031|"659219"|SANT VICENC DE CASTELLET
"2022"|ES51|"221"|16991|"658221"|SANTA COLOMA DE FARNERS
"2022"|ES51|"222"|22034|"630222"|SANTA COLOMA DE GRAMENET 1
"2022"|ES51|"223"|15240|"630223"|SANTA COLOMA DE GRAMENET 2
"2022"|ES51|"224"|19228|"630224"|SANTA COLOMA DE GRAMENET 3
"2022"|ES51|"225"|22427|"630225"|SANTA COLOMA DE GRAMENET 4
"2022"|ES51|"226"|21230|"630226"|SANTA COLOMA DE GRAMENET 5
"2022"|ES51|"229"|10469|"619229"|SANTA MARGARIDA DE MONTBUI
"2022"|ES51|"230"|25481|"668230"|SANTA PERPETUA DE LA MOGODA
"2022"|ES51|"231"|14267|"657231"|SARRIA DE TER
"2022"|ES51|"232"|7011|"605232"|SEROS
"2022"|ES51|"233"|16498|"601233"|LA SEU D'URGELL
"2022"|ES51|"234"|23533|"658234"|SILS-VIDRERES-MACANET DE LA SELVA
"2022"|ES51|"238"|18303|"622238"|SANTA EUGENIA DE BERGA
"2022"|ES51|"239"|15087|"609239"|TARRAGONA 1
"2022"|ES51|"240"|28001|"609240"|TARRAGONA 2
"2022"|ES51|"243"|16829|"609243"|TARRAGONA 5
"2022"|ES51|"244"|20170|"609244"|TARRAGONA 6
"2022"|ES51|"245"|24364|"605245"|TARREGA
"2022"|ES51|"246"|11029|"648246"|TERRA ALTA
"2022"|ES51|"249"|11116|"666249"|TERRASSA C
"2022"|ES51|"250"|33281|"666250"|TERRASSA D
"2022"|ES51|"251"|63137|"666251"|TERRASSA E
"2022"|ES51|"252"|43522|"666252"|TERRASSA F
"2022"|ES51|"253"|12673|"622253"|TONA
"2022"|ES51|"254"|19037|"622254"|VALL DEL GES
"2022"|ES51|"258"|15771|"652258"|TORROELLA DE MONTGRI
"2022"|ES51|"259"|8243|"603259"|TREMP
"2022"|ES51|"260"|11908|"650260"|ULLDECONA
"2022"|ES51|"261"|23631|"624261"|VALLIRANA
"2022"|ES51|"262"|12419|"606262"|ALT CAMP EST
"2022"|ES51|"266"|22429|"663266"|VILADECANS 2
"2022"|ES51|"267"|14884|"651267"|VILAFANT
"2022"|ES51|"269"|12826|"619269"|VILANOVA DEL CAMI
"2022"|ES51|"272"|12582|"630272"|BADALONA 1
"2022"|ES51|"273"|16791|"630273"|BADALONA 2
"2022"|ES51|"274"|20699|"630274"|BADALONA 3
"2022"|ES51|"275"|13673|"630275"|BADALONA 4
"2022"|ES51|"277"|23924|"630277"|BADALONA 6
"2022"|ES51|"279"|14733|"630279"|BADALONA 8
"2022"|ES51|"280"|18394|"630280"|BADALONA 9
"2022"|ES51|"281"|10056|"630281"|BADALONA 10
"2022"|ES51|"282"|23116|"630282"|BADALONA 11
"2022"|ES51|"283"|11643|"630283"|BADALONA 12
"2022"|ES51|"284"|23468|"669284"|GRANOLLERS 1 -OEST
"2022"|ES51|"289"|22992|"625289"|L'HOSPITALET DE LLOBREGAT 2 -S.JOSEP
"2022"|ES51|"292"|20540|"625292"|L'HOSPITALET DE LLOBREGAT 5-S.EULALIA N.
"2022"|ES51|"293"|24075|"625293"|L'HOSPITALET DE LLOBREGAT 6-S.EULALIA S.
"2022"|ES51|"295"|23284|"624295"|L'HOSPITALET DE LLOBREGAT 8-FLORIDA S.
"2022"|ES51|"296"|29872|"624296"|L'HOSPITALET DE LLOBREGAT 9-PUBILLA C.
"2022"|ES51|"300"|13674|"668300"|LA LLAGOSTA
"2022"|ES51|"302"|35411|"647381"|MONTCADA I REIXAC
"2022"|ES51|"303"|14171|"607303"|REUS 1
"2022"|ES51|"304"|27330|"607304"|REUS 2
"2022"|ES51|"305"|22740|"607305"|REUS 3
"2022"|ES51|"306"|21551|"607306"|REUS 4
"2022"|ES51|"307"|28317|"607307"|REUS 5
"2022"|ES51|"309"|32146|"666309"|RUBI 1
"2022"|ES51|"311"|20828|"630311"|SANT ADRIA DEL BESOS 1
"2022"|ES51|"314"|15507|"608314"|BAIX PENEDES-INTERIOR
"2022"|ES51|"315"|37905|"669315"|VALL DEL TENES
"2022"|ES51|"317"|24365|"662317"|VILANOVA I LA GELTRU 2
"2022"|ES51|"319"|20629|"630319"|MONTGAT
"2022"|ES51|"320"|32998|"635320"|BARBERA DEL VALLES
"2022"|ES51|"324"|6188|"607324"|VANDELLOS I L'HOSPITALET DE L'INFANT
"2022"|ES51|"325"|31178|"655325"|PINEDA
"2022"|ES51|"326"|32987|"670326"|BARCELONA 7-G
"2022"|ES51|"330"|13305|"658330"|BREDA-HOSTALRIC
"2022"|ES51|"331"|22624|"671331"|BARCELONA 10-J
"2022"|ES51|"333"|6471|"606333"|ALT CAMP OEST
"2022"|ES51|"334"|9060|"605334"|ALMACELLES
"2022"|ES51|"335"|19795|"633335"|SANT ANDREU DE LLAVANERES
"2022"|ES51|"336"|18761|"655336"|TORDERA
"2022"|ES51|"337"|10564|"619337"|CAPELLADES
"2022"|ES51|"338"|18774|"619338"|PIERA
"2022"|ES51|"339"|27792|"609339"|SALOU
"2022"|ES51|"341"|19783|"630341"|BADALONA 7A
"2022"|ES51|"342"|20101|"630342"|BADALONA 7B
"2022"|ES51|"343"|5746|"654343"|RIBES DE FRESER-CAMPDEVANOL
"2022"|ES51|"344"|14777|"635344"|SABADELL 4-A
"2022"|ES51|"345"|24641|"635345"|SABADELL 4-B
"2022"|ES51|"347"|6506|"653347"|VALL D'EN BAS
"2022"|ES51|"348"|28461|"668348"|MOLLET DEL VALLES-EST
"2022"|ES51|"351"|26329|"622351"|VIC-2 SUD
"2022"|ES51|"353"|16384|"633353"|VILASSAR DE DALT
"2022"|ES51|"354"|7313|"607354"|LA SELVA DEL CAMP
"2022"|ES51|"355"|10512|"669355"|LA ROCA DEL VALLES
"2022"|ES51|"357"|26757|"608357"|CALAFELL
"2022"|ES51|"358"|23781|"670358"|BARCELONA 6-E
"2022"|ES51|"359"|29465|"662359"|CUBELLES-CUNIT
"2022"|ES51|"360"|28132|"665360"|MARTORELL RURAL
"2022"|ES51|"361"|24748|"630361"|EL MASNOU-ALELLA
"2022"|ES51|"362"|15439|"630362"|OCATA-TEIA
"2022"|ES51|"363"|18460|"666363"|SANT QUIRZE DEL VALLES
"2022"|ES51|"367"|11509|"665367"|PALLEJA
"2022"|ES51|"368"|20567|"630368"|SANTA COLOMA DE GRAMENET 6
"2022"|ES51|"373"|7267|"663373"|BEGUES
"2022"|ES51|"374"|21317|"664374"|SANT VICENC DELS HORTS-1
"2022"|ES51|"375"|12803|"664375"|SANT VICENC DELS HORTS-2
"2022"|ES51|"376"|21477|"667376"|ALT MOGENT
"2022"|ES51|"377"|10077|"622377"|RODA DE TER
"2022"|ES51|"379"|19272|"605379"|LLEIDA 7 ONZE DE SETEMBRE
"2022"|ES51|"380"|19599|"662380"|VILANOVA I LA GELTRU 3
"2022"|ES51|"383"|19038|"646383"|BARCELONA 3-H
"2022"|ES51|"384"|13978|"635384"|CERDANYOLA-RIPOLLET
"2022"|ES51|"385"|24866|"647385"|BARCELONA 8-J
"2022"|ES51|"386"|17926|"635386"|RIPOLLET-1
"2022"|ES51|"387"|15319|"635387"|RIPOLLET-2
"2022"|ES51|"389"|33286|"666389"|SANT CUGAT DEL VALLES-2
"2022"|ES51|"390"|29386|"666390"|SANT CUGAT DEL VALLES-3
"2022"|ES51|"391"|15252|"668391"|PALAU-SOLITA I PLEGAMANS
"2022"|ES51|"392"|17386|"668392"|POLINYA-SENTMENAT
"2022"|ES51|"395"|31147|"647395"|BARCELONA 9-H
"2022"|ES51|"396"|25137|"647396"|BARCELONA 9-I
"2022"|ES51|"169"|3894|"601169"|ALT URGELL-SUD
"2022"|ES51|"036"|22153|"646036"|BARCELONA 3-E-3-I
"2022"|ES51|"057"|0|"647059"|BARCELONA 8-A-8-C
"2022"|ES51|"059"|24580|"647059"|BARCELONA 8-A-8-C
"2022"|ES51|"060"|0|"647060"|BARCELONA 8-B-8-D-8-K
"2022"|ES51|"061"|0|"647061"|BARCELONA 8-E-8-L
"2022"|ES51|"402"|18112|"647060"|BARCELONA 8-B-8-D-8-K
"2022"|ES51|"403"|29384|"647061"|BARCELONA 8-E-8-L
"2022"|ES51|"399"|11646|"666310"|RUBI 2-CASTELLBISBALL
"2022"|ES51|"103"|17440|"602103"|LA CERDANYA
"2022"|ES51|"318"|0|"662393"|GARRAF RURAL-RIBES-OLIVELLA-ROQUETES-CANYELLES
"2022"|ES51|"285"|30774|"669285"|GRANOLLERS 2 - NORD
"2022"|ES51|"286"|29437|"669286"|GRANOLLERS 3 - CENTRE EST
"2022"|ES51|"287"|16504|"669287"|GRANOLLERS 4 - SUD
"2022"|ES51|"371"|21328|"619371"|IGUALADA-1
"2022"|ES51|"372"|20634|"619372"|IGUALADA-2
"2022"|ES51|"328"|10828|"649328"|L'ALDEA -CAMARLES -L'AMPOLLA
"2022"|ES51|"178"|9669|"649178"|L'AMETLLA DE MAR - EL PERELLO
"2022"|ES51|"288"|29634|"625288"|L'HOSPITALET DE LLOBREGAT 1 -CENTRE
"2022"|ES51|"297"|10297|"625297"|L'HOSPITALET DE LLOBREGAT 10 -C.SERRA
"2022"|ES51|"298"|9037|"625298"|L'HOSPITALET DE LLOBREGAT 11 -GORNAL
"2022"|ES51|"299"|25149|"625299"|L'HOSPITALET DE LLOBREGAT 12-BELLVITGE
"2022"|ES51|"290"|26242|"624290"|L'HOSPITALET DE LLOBREGAT 3 -COLLBLANC
"2022"|ES51|"291"|27682|"624291"|L'HOSPITALET DE LLOBREGAT 4-TORRASSA
"2022"|ES51|"206"|24367|"650206"|SANT CARLES DE LA RAPITA
"2022"|ES51|"329"|7772|"605329"|LLEIDA RURAL 2-SUD
"2022"|ES51|"164"|33440|"669164"|MONTORNES / MONTMELO
"2022"|ES51|"165"|14230|"648165"|MORA LA NOVA - MORA D'EBRE
"2022"|ES51|"393"|20014|"662393"|GARRAF RURAL-RIBES-OLIVELLA-ROQUETES-CANYELLES
"2022"|ES51|"394"|19152|"662393"|GARRAF RURAL-RIBES-OLIVELLA-ROQUETES-CANYELLES
"2022"|ES51|"190"|34722|"635190"|SABADELL 1-A
"2022"|ES51|"191"|21312|"635191"|SABADELL 1-B
"2022"|ES51|"193"|19772|"635193"|SABADELL 3-A
"2022"|ES51|"352"|12328|"609352"|TARRAGONA 7-SANT SALVADOR
"2022"|ES51|"364"|16090|"609364"|TARRAGONA 8
"2022"|ES51|"255"|23449|"649255"|TORTOSA 1 -EST
"2022"|ES51|"256"|24160|"649256"|TORTOSA 2 -OEST
"2022"|ES51|"265"|24188|"663265"|VILADECANS 1-3
"2022"|ES51|"401"|23547|"663265"|VILADECANS 1-3
"2022"|ES51|"398"|21994|"661268"|VILAFRANCA DEL PENEDES
"2022"|ES52|"0101"|8281|"50101"|ALCALA DE XIVERT
"2022"|ES52|"0102"|38235|"50102"|BENICARLO
"2022"|ES52|"0103"|1785|"50103"|FORCALL
"2022"|ES52|"0104"|2450|"50104"|MORELLA
"2022"|ES52|"0105"|4508|"50105"|SANT MATEU
"2022"|ES52|"0106"|7495|"50106"|TRAIGUERA
"2022"|ES52|"0107"|30987|"50107"|VINAROS
"2022"|ES52|"0201"|1728|"50201"|ATZENETA
"2022"|ES52|"0203"|14770|"50203"|L'ALCORA
"2022"|ES52|"0204"|29012|"50204"|ALMASSORA
"2022"|ES52|"0205"|27910|"50205"|BENICASSIM
"2022"|ES52|"0208"|20022|"50208"|CASTELLO-PINTOR SOROLLA
"2022"|ES52|"0209"|29299|"50209"|CASTELLO-GRAN VIA
"2022"|ES52|"0210"|20118|"50210"|CASTELLO-RAFALAFENA
"2022"|ES52|"0211"|58982|"50211"|CASTELLO-FERNANDO EL CATOLICO
"2022"|ES52|"0212"|19536|"50212"|EL GRAO CASTELLON
"2022"|ES52|"0213"|2266|"50213"|LUCENA
"2022"|ES52|"0214"|9329|"50214"|VALL D'ALBA
"2022"|ES52|"0215"|2483|"50215"|VILLAFRANCA DEL CID
"2022"|ES52|"0216"|2286|"50216"|COVES DE VINROMA
"2022"|ES52|"0304"|1535|"50304"|MONTANEJOS
"2022"|ES52|"0307"|1630|"50307"|TALES
"2022"|ES52|"0308"|33661|"50308"|LA VALL D'UIXO
"2022"|ES52|"0309"|53297|"50309"|CARINYENA
"2022"|ES52|"0301"|2798|"50301"|ARTANA
"2022"|ES52|"0401"|10256|"50401"|ALMENARA
"2022"|ES52|"0402"|9887|"50402"|ESTIVELLA
"2022"|ES52|"0403"|9261|"50403"|FAURA
"2022"|ES52|"0404"|20620|"50404"|PUZOL
"2022"|ES52|"0405"|54678|"50405"|PUERTO DE SAGUNTO
"2022"|ES52|"0406"|8673|"50406"|EL PUIG
"2022"|ES52|"0407"|23943|"50407"|SAGUNTO
"2022"|ES52|"0409"|5484|"50409"|VIVER
"2022"|ES52|"0410"|2515|"50410"|SONEJA
"2022"|ES52|"0501"|25426|"50501"|ALBORAIA
"2022"|ES52|"0502"|11539|"50502"|ALMASSERA
"2022"|ES52|"0503"|14755|"50503"|FOIOS
"2022"|ES52|"0504"|25431|"50504"|MASSAMAGRELL
"2022"|ES52|"0505"|11254|"50505"|MELIANA
"2022"|ES52|"0506"|14250|"50506"|MUSEROS
"2022"|ES52|"0507"|9373|"50507"|RAFELBUNYOL
"2022"|ES52|"0508"|9769|"50508"|TAVERNES BLANQUES
"2022"|ES52|"0509"|41772|"50509"|VALENCIA-BENIMACLET
"2022"|ES52|"0510"|42171|"50510"|VALENCIA-SALVADOR PAU
"2022"|ES52|"0511"|39045|"50511"|VALENCIA-SERRERIA 2
"2022"|ES52|"0512"|20012|"50512"|VALENCIA-REPUBLICA ARGENTINA
"2022"|ES52|"0513"|29079|"50513"|VALENCIA-TRAFALGAR
"2022"|ES52|"0514"|18998|"50514"|VALENCIA-MALVA-ROSA
"2022"|ES52|"0515"|33832|"50515"|VALENCIA-SERRERIA 1
"2022"|ES52|"0601"|2177|"50601"|ADEMUZ
"2022"|ES52|"0602"|11847|"50602"|BENAGUACIL
"2022"|ES52|"0603"|17617|"50603"|BENIMAMET
"2022"|ES52|"0604"|34760|"50604"|BETERA
"2022"|ES52|"0605"|41546|"50605"|BURJASSOT 2
"2022"|ES52|"0606"|3279|"50606"|CHELVA
"2022"|ES52|"0607"|28104|"50607"|L'ELIANA
"2022"|ES52|"0608"|22185|"50608"|GODELLA
"2022"|ES52|"0609"|35027|"50609"|LLIRIA
"2022"|ES52|"0610"|27603|"50610"|MONCADA
"2022"|ES52|"0611"|67444|"50611"|PATERNA
"2022"|ES52|"0612"|25306|"50612"|LA POBLA DE VALLBONA
"2022"|ES52|"0615"|10081|"50615"|VILAMARXANT
"2022"|ES52|"0616"|5758|"50616"|VILLAR DEL ARZOBISPO
"2022"|ES52|"0617"|4064|"50617"|PEDRALBA
"2022"|ES52|"0710"|35607|"50710"|VALENCIA-TRINITAT
"2022"|ES52|"0711"|45534|"50711"|VALENCIA-BENICALAP
"2022"|ES52|"0712"|37457|"50712"|VALENCIA-SALVADOR ALLENDE
"2022"|ES52|"0713"|24323|"50713"|VALENCIA-JUAN XXIII
"2022"|ES52|"0717"|10356|"50717"|MASSANASSA
"2022"|ES52|"0802"|4239|"50802"|CAUDETE DE LAS FUENTES
"2022"|ES52|"0803"|2952|"50803"|COFRENTES
"2022"|ES52|"0805"|13037|"50805"|UTIEL
"2022"|ES52|"0901"|31215|"50901"|ALAQUAS
"2022"|ES52|"0904"|27434|"50904"|PAIPORTA
"2022"|ES52|"0905"|12021|"50905"|PICANYA
"2022"|ES52|"0907"|30548|"50907"|TORRENT2
"2022"|ES52|"0908"|55678|"50908"|TORRENT
"2022"|ES52|"0909"|28600|"50909"|XIRIVELLA
"2022"|ES52|"0910"|21873|"50910"|VALENCIA-NAPOLES Y SICILIA
"2022"|ES52|"0911"|32062|"50911"|VALENCIA-GUILLEM DE CASTRO
"2022"|ES52|"0913"|35307|"50913"|VALENCIA-PINTOR STOLZ
"2022"|ES52|"0914"|31256|"50914"|VALENCIA-VIRGEN DE LA FUENSANTA
"2022"|ES52|"0915"|11274|"50915"|VALENCIA-SAN ISIDRO
"2022"|ES52|"1003"|21799|"51003"|ALFAFAR
"2022"|ES52|"1004"|16120|"51004"|BENETUSSER
"2022"|ES52|"1007"|10731|"51007"|SEDAVI
"2022"|ES52|"1009"|27205|"51009"|VALENCIA-RUZAFA
"2022"|ES52|"1010"|23530|"51010"|VALENCIA-LUIS OLIAG
"2022"|ES52|"1011"|38983|"51011"|VALENCIA-PADRE JOFRE
"2022"|ES52|"1012"|39783|"51012"|VALENCIA-PLAZA SEGOVIA
"2022"|ES52|"1013"|32567|"51013"|VALENCIA-I.J. BENLLOCH
"2022"|ES52|"1014"|37786|"51014"|VALENCIA-FUENTE SAN LUIS
"2022"|ES52|"1016"|14567|"51016"|CASTELLAR-OLIVERAL
"2022"|ES52|"1101"|16469|"51101"|ALBERIC
"2022"|ES52|"1102"|47748|"51102"|ALZIRA
"2022"|ES52|"1103"|4154|"51103"|CORBERA
"2022"|ES52|"1104"|18544|"51104"|L'ALCUDIA
"2022"|ES52|"1105"|31243|"51105"|ALGEMESI 1
"2022"|ES52|"1106"|14597|"51106"|ALGINET
"2022"|ES52|"1107"|26084|"51107"|BENIFAIO
"2022"|ES52|"1108"|20620|"51108"|CARCAIXENT
"2022"|ES52|"1109"|25385|"51109"|CARLET
"2022"|ES52|"1110"|25548|"51110"|CULLERA
"2022"|ES52|"1111"|34666|"51111"|SUECA
"2022"|ES52|"1201"|27453|"51201"|BELLREGUARD
"2022"|ES52|"1202"|5489|"51202"|CASTELLO DE RUGAT
"2022"|ES52|"1203"|30164|"51203"|GANDIA-COREA
"2022"|ES52|"1204"|39686|"51204"|GANDIA 1-BENIOPA
"2022"|ES52|"1205"|22403|"51205"|GRAU DE GANDIA
"2022"|ES52|"1206"|26101|"51206"|OLIVA
"2022"|ES52|"1301"|17378|"51301"|BENISSA
"2022"|ES52|"1302"|25146|"51302"|CALP
"2022"|ES52|"1303"|44284|"51303"|DENIA
"2022"|ES52|"1304"|7206|"51304"|GATA DE GORGOS
"2022"|ES52|"1305"|29448|"51305"|XABIA 1
"2022"|ES52|"1307"|7932|"51307"|ORBA
"2022"|ES52|"1308"|8440|"51308"|PEDREGUER
"2022"|ES52|"1309"|11565|"51309"|PEGO I LES VALLS
"2022"|ES52|"1310"|16437|"51310"|TEULADA
"2022"|ES52|"1311"|8388|"51311"|EL VERGER
"2022"|ES52|"1401"|11337|"51401"|ALBAIDA
"2022"|ES52|"1402"|6154|"51402"|ALCUDIA DE CRESPINS
"2022"|ES52|"1403"|8814|"51403"|BENIGANIM
"2022"|ES52|"1404"|4162|"51404"|BOCAIRENT
"2022"|ES52|"1405"|14032|"51405"|CANALS
"2022"|ES52|"1406"|5455|"51406"|CARCER
"2022"|ES52|"1407"|6505|"51407"|XELLA
"2022"|ES52|"1408"|4892|"51408"|ENGUERA
"2022"|ES52|"1409"|4678|"51409"|LLUTXENT
"2022"|ES52|"1410"|10107|"51410"|LA POBLA LLARGA
"2022"|ES52|"1411"|9412|"51411"|MOIXENT
"2022"|ES52|"1412"|4121|"51412"|NAVARRES
"2022"|ES52|"1413"|12079|"51413"|L'OLLERIA
"2022"|ES52|"1414"|42026|"51414"|ONTINYENT 2
"2022"|ES52|"1415"|8792|"51415"|VILLANUEVA DE CASTELLON
"2022"|ES52|"1416"|37934|"51416"|XATIVA 1
"2022"|ES52|"1417"|5121|"51417"|LLOSA DE RANES
"2022"|ES52|"1501"|12863|"51501"|ALCOI-PLACA DE DINS
"2022"|ES52|"1502"|30665|"51502"|ALCOI-LA FABRICA
"2022"|ES52|"1503"|17995|"51503"|ALCOI-LA BASSA
"2022"|ES52|"1504"|7320|"51504"|BANYERES
"2022"|ES52|"1505"|2155|"51505"|BENILLOBA
"2022"|ES52|"1506"|10955|"51506"|CASTALLA
"2022"|ES52|"1507"|10919|"51507"|COCENTAINA
"2022"|ES52|"1508"|24254|"51508"|IBI
"2022"|ES52|"1509"|13734|"51509"|MURO
"2022"|ES52|"1510"|7967|"51510"|ONIL
"2022"|ES52|"1601"|19173|"51601"|L'ALFAS DEL PI
"2022"|ES52|"1602"|24190|"51602"|ALTEA
"2022"|ES52|"1603"|40699|"51603"|RINCON DE LOIX
"2022"|ES52|"1605"|10030|"51605"|CALLOSA D'EN SARRIA
"2022"|ES52|"1606"|22785|"51606"|LA NUCIA
"2022"|ES52|"1607"|45569|"51607"|LA VILA JOIOSA
"2022"|ES52|"1701"|24592|"51701"|ALICANTE-PORTUGAL
"2022"|ES52|"1702"|12295|"51702"|ALICANTE-SANTA FAZ-AYTO
"2022"|ES52|"1703"|40962|"51703"|ALICANTE-HOSP. PROVINCIAL-PLA
"2022"|ES52|"1704"|11262|"51704"|ALICANTE-JUAN XXIII
"2022"|ES52|"1705"|55413|"51705"|ALICANTE-CABO LAS HUERTAS
"2022"|ES52|"1707"|8989|"51707"|JIJONA
"2022"|ES52|"1708"|28425|"51708"|MUCHAMIEL
"2022"|ES52|"1709"|25429|"51709"|SAN JUAN
"2022"|ES52|"1802"|6734|"51802"|BIAR
"2022"|ES52|"1804"|18697|"51804"|ELDA 2-ACACIAS
"2022"|ES52|"1805"|12178|"51805"|MONOVAR
"2022"|ES52|"1806"|28232|"51806"|NOVELDA
"2022"|ES52|"1807"|34759|"51807"|PETRER
"2022"|ES52|"1809"|11580|"51809"|SAX
"2022"|ES52|"1901"|34209|"51901"|CAMPOAMOR
"2022"|ES52|"1903"|33197|"51903"|ALICANTE-FLORIDA
"2022"|ES52|"1907"|21345|"51907"|ALICANTE-CIUDAD JARDIN
"2022"|ES52|"1909"|8249|"51909"|MONFORTE DEL CID
"2022"|ES52|"1910"|66197|"51910"|SAN VICENTE DEL RASPEIG
"2022"|ES52|"2005"|49480|"52005"|ELX-ALTABIX
"2022"|ES52|"2008"|29989|"52008"|ELX-SAN FERMIN
"2022"|ES52|"2009"|19775|"52009"|ELX-TORRELLANO
"2022"|ES52|"2010"|35986|"52010"|SANTA POLA
"2022"|ES52|"2102"|27973|"52102"|ALMORADI
"2022"|ES52|"2103"|14749|"52103"|BIGASTRO
"2022"|ES52|"2105"|16660|"52105"|DOLORES
"2022"|ES52|"2107"|27450|"52107"|ORIHUELA 2 DR ALVAREZ DE LA RIVA
"2022"|ES52|"2201"|24702|"52201"|GUARDAMAR DEL SEGURA
"2022"|ES52|"2202"|25733|"52202"|ROJALES
"2022"|ES52|"2203"|89529|"52203"|TORREVIEJA 1 LA LOMA
"2022"|ES52|"2205"|13689|"52205"|SAN MIGUEL DE LAS SALINAS
"2022"|ES52|"2301"|36081|"52301"|ALDAIA
"2022"|ES52|"2302"|14743|"52302"|BUNOL
"2022"|ES52|"2303"|9379|"52303"|CHESTE
"2022"|ES52|"2304"|14693|"52304"|CHIVA
"2022"|ES52|"2306"|24437|"52306"|QUART DE POBLET
"2022"|ES52|"2307"|24522|"52307"|RIBA-ROJA DE TURIA
"2022"|ES52|"2308"|10303|"52308"|TURIS
"2022"|ES52|"2309"|46272|"52309"|MISLATA
"2022"|ES52|"2401"|24325|"52401"|ASPE
"2022"|ES52|"2402"|29736|"52402"|CREVILLENT
"2022"|ES52|"2403"|32529|"52403"|EL TOSCAR (ELX)
"2022"|ES52|"2404"|27144|"52404"|CARRUS (ELX)
"2022"|ES52|"2405"|27602|"52405"|SAPENA (ELX)
"2022"|ES52|"2406"|19151|"52406"|EL PLA (VINALOPO)
"2022"|ES24|"4904"|2608|"20904"|CALACEITE
"2022"|ES24|"1215"|3161|"20215"|MONZON RURAL
"2022"|ES24|"1108"|22121|"20108"|HUESCA CAPITAL Nº 2 (SANTO GRIAL)
"2022"|ES24|"5406"|14637|"20406"|ACTUR SUR
"2022"|ES24|"4804"|877|"20804"|BAGUENA
"2022"|ES24|"4909"|5667|"20909"|HIJAR
"2022"|ES24|"3611"|24748|"20621"|MARIA DE HUERVA
"2022"|ES24|"3601"|16011|"20611"|ALAGON
"2022"|ES24|"1207"|13424|"20207"|BINEFAR
"2022"|ES24|"5403"|1430|"20403"|LUNA
"2022"|ES24|"3615"|29880|"20625"|UNIVERSITAS
"2022"|ES24|"2515"|22832|"20515"|LAS FUENTES NORTE
"2022"|ES24|"2507"|12908|"20507"|INDEPENDENCIA
"2022"|ES24|"2517"|16830|"20517"|SAN JOSE NORTE
"2022"|ES24|"2505"|19500|"20505"|REBOLERIA
"2022"|ES24|"1101"|4350|"20101"|ALMUDEVAR
"2022"|ES24|"2512"|14201|"20512"|VENECIA
"2022"|ES24|"2509"|21208|"20509"|ALMOZARA
"2022"|ES24|"3607"|13403|"20617"|TARAZONA
"2022"|ES24|"5404"|4477|"20404"|VILLAMAYOR
"2022"|ES24|"3709"|1380|"20709"|VILLARROYA DE LA SIERRA
"2022"|ES24|"3610"|709|"20620"|HERRERA DE LOS NAVARROS
"2022"|ES24|"5409"|22232|"20409"|SANTA ISABEL
"2022"|ES24|"4910"|2667|"20910"|MAS DE LAS MATAS
"2022"|ES24|"1109"|6551|"20109"|HUESCA RURAL
"2022"|ES24|"1214"|6741|"20214"|TAMARITE DE LITERA
"2022"|ES24|"3301"|17821|"20601"|EJEA DE LOS CABALLEROS
"2022"|ES24|"4802"|1523|"20802"|ALFAMBRA
"2022"|ES24|"3617"|12151|"20627"|VALDEFIERRO
"2022"|ES12|"50418"|1426|"30441"|Z.E.S. 4.1 - BELMONTE DE MIRANDA
"2022"|ES12|"50423"|7555|"30420"|Z.B.S. IV.20 - SIERO - LA FRESNEDA - LLANERA
"2022"|ES12|"50510"|18214|"30510"|Z.B.S. V.10 - GIJON - L'ARENA
"2022"|ES12|"50602"|3613|"30602"|Z.B.S. VI.2 - COLUNGA - CARAVIA
"2022"|ES12|"50507"|24247|"30507"|Z.B.S. V.7 - GIJON - CONTRUECES - VEGA - LA CAMOCHA - NUEVO ROCES
"2022"|ES12|"50421"|13226|"30418"|Z.B.S. IV.18 - OVIEDO - NARANCO
"2022"|ES12|"50704"|10874|"30704"|Z.B.S. VII.4 - LENA
"2022"|ES12|"50111"|263|"30116"|Z.E.S. 1.6 - EILAO
"2022"|ES12|"50108"|805|"30113"|Z.E.S. 1.3 - GRANDAS DE SALIME - PESOZ
"2022"|ES12|"50505"|16075|"30505"|Z.B.S. V.5 - GIJON - PERCHERA
"2022"|ES12|"50512"|13851|"30512"|Z.B.S. V.12 - VILLAVICIOSA
"2022"|ES12|"50417"|701|"30443"|Z.E.S. 4.3 - SOMIEDO
"2022"|ES12|"50506"|21361|"30506"|Z.B.S. V.6 - GIJON - PUMARIN
"2022"|ES12|"50703"|8589|"30703"|Z.B.S. VII.3 - MIERES - FIGAREO - UXO - TURON
"2022"|ES12|"50203"|1581|"30221"|Z.E.S. 2.1 - ALLANDE
"2022"|ES12|"50419"|2604|"30442"|Z.E.S. 4.2 - PROAZA - QUIROS - SANTO ADRIANO - TEVERGA
"2022"|ES12|"50609"|445|"30662"|Z.E.S. 6.2 - CABRALES - PEÑAMELLERAS
"2022"|ES12|"50107"|1051|"30112"|Z.E.S. 1.2 - OSCOS
"2022"|ES12|"50705"|6338|"30705"|Z.B.S. VII.5 - BAJO ALLER - MOREA/MOREDA
"2022"|ES12|"50502"|34059|"30502"|Z.B.S. V.2 - GIJON - LA CALZADA
"2022"|ES12|"50404"|23901|"30404"|Z.B.S. IV.4 - OVIEDO - EL CRISTO - TRUBIA
"2022"|ES12|"50304"|15488|"30304"|Z.B.S. III.4 - AVILES - VILLALEGRE - LA LUZ - LLARANES
"2022"|ES70|"120224"|8624|"70421"|LA VICTORIA
"2022"|ES70|"120113"|24329|"70111"|ESCALERITAS
"2022"|ES70|"120108"|459|"70106"|CAIDEROS
"2022"|ES70|"120249"|3407|"70701"|FRONTERA VALLE DEL GOLFO
"2022"|ES70|"120122"|45741|"70117"|MASPALOMAS
"2022"|ES70|"120114"|6130|"70112"|FIRGAS
"2022"|ES70|"120151"|15353|"70306"|PLAYA BLANCA/YAIZA
"2022"|ES70|"120140"|36609|"70131"|TAMARACEITE
"2022"|ES70|"120217"|27225|"70414"|GUIMAR
"2022"|ES70|"120212"|23447|"70411"|PUERTO II - BOTANICO
"2022"|ES70|"120136"|17635|"70128"|SANTA BRIGIDA
"2022"|ES70|"120233"|13545|"70426"|OFRA-MIRAMAR
"2022"|ES70|"120205"|27780|"70404"|ARONA COSTA I
"2022"|ES70|"120104"|47467|"70301"|ARRECIFE
"2022"|ES70|"120225"|10007|"70503"|LAS BREÑAS
"2022"|ES70|"120105"|28428|"70301"|ARRECIFE II
"2022"|ES70|"120216"|21700|"70413"|GUIA DE ISORA
"2022"|ES13|"060119"|4997|"140119"|PISUEŃA SELAYA
"2022"|ES13|"060117"|4853|"140117"|MIERA
"2022"|ES13|"060118"|13748|"140118"|PISUEŃA CAYON
"2022"|ES13|"060111"|23995|"140103"|DAVILA
"2022"|ES13|"060202"|17408|"140405"|BESAYA
"2022"|ES13|"060205"|4810|"140412"|LIEBANA
"2022"|ES13|"060204"|8569|"140407"|SUANCES
"2022"|ES22|"52"|15149|"80111"|HUARTE
"2022"|ES22|"34"|12880|"80119"|CASCO VIEJO-I ENSANCHE
"2022"|ES22|"93"|22627|"80123"|SAN JUAN
"2022"|ES22|"81"|13652|"80144"|PERALTA
"2022"|ES22|"28"|14453|"80166"|BUZTINTXURI
"2022"|ES22|"66"|948|"80166"|BUZTINTXURI
"2022"|ES21|"22016"|29375|"41016"|ONDARRETA
"2022"|ES21|"22011"|38008|"41111"|IRUN - CENTRO
"2022"|ES21|"27003"|15420|"41096"|ANDOAIN
"2022"|ES21|"22018"|8396|"41018"|LEZO-SAN JUAN
"2022"|ES21|"22017"|13686|"41017"|PARTE VIEJA
"2022"|ES21|"5009"|4466|"40199"|NORTE-LEGUTIANO
"2022"|ES21|"27005"|11965|"40805"|AZKOITIA
"2022"|ES21|"47018"|11979|"40518"|TRAPAGARAN
"2022"|ES21|"42006"|9968|"40606"|BOLUETA
"2022"|ES21|"5003"|12336|"40103"|ARANBIZKARRA II
"2022"|ES21|"42013"|25338|"40613"|REKALDE
"2022"|ES21|"5011"|33934|"40111"|OLAGUIBEL
"2022"|ES21|"22004"|7134|"41004"|BIDEBIETA
"2022"|ES21|"5019"|4008|"40119"|VALLES II
"2022"|ES21|"42005"|12838|"40605"|BEGOÑA
"2022"|ES21|"43001"|24088|"40301"|ABADIÑO-ELORRIO-BERRIZ
"2022"|ES21|"43009"|35163|"40309"|DURANGO
"2022"|ES21|"5010"|5718|"40110"|NORTE-ZUYA
"2022"|ES21|"22008"|34948|"41008"|HERNANI-URNIETA-ASTIGARRAGA
"2022"|ES41|"749001176"|1927|"171118"|VIDRIALES
"2022"|ES41|"749001189"|11122|"171117"|TORO
"2022"|ES41|"749001180"|16239|"171111"|DIEGO DE LOSADA
"2022"|ES41|"749001169"|2828|"171110"|CORRALES DEL VINO
"2022"|ES41|"749001167"|1166|"171108"|CARBAJALES
"2022"|ES41|"747001972"|17342|"171023"|LA VICTORIA I
"2022"|ES41|"747004070"|2582|"171019"|ALAEJOS
"2022"|ES41|"747001970"|12021|"171018"|TUDELA DE DUERO
"2022"|ES41|"747001932"|10770|"171013"|CANTERAC
"2022"|ES41|"747001939"|13710|"171012"|RONDILLA II
"2022"|ES41|"747001933"|26091|"170927"|DELICIAS I
"2022"|ES41|"747001968"|28084|"170915"|PARQUESOL
"2022"|ES41|"747001967"|6411|"170913"|MEDINA DE RIOSECO
"2022"|ES41|"747001952"|28725|"170909"|LAGUNA DE DUERO
"2022"|ES41|"742000758"|5708|"170805"|BURGO DE OSMA
"2022"|ES41|"742000752"|6730|"170802"|ALMAZAN
"2022"|ES41|"740000963"|8954|"170706"|NAVA DE LA ASUNCION
"2022"|ES41|"737002043"|11868|"170635"|UNIVERSIDAD CENTRO
"2022"|ES41|"737002026"|2297|"170630"|TAMAMES
"2022"|ES41|"737002037"|18062|"170628"|SANTA MARTA DE TORMES
"2022"|ES41|"737002024"|2526|"170626"|ROBLEDA
"2022"|ES41|"737002018"|2140|"170617"|LINARES DE RIOFRIO
"2022"|ES41|"737002017"|2570|"170616"|LEDESMA
"2022"|ES41|"737002007"|9717|"170613"|GUIJUELO
"2022"|ES41|"737002042"|24865|"170612"|GARRIDO SUR
"2022"|ES41|"737002015"|2083|"170610"|FUENTES DE ONORO
"2022"|ES41|"737002011"|1824|"170605"|CANTALAPIEDRA
"2022"|ES41|"737002010"|2448|"170602"|ALDEADAVILA DE LA RIBERA
"2022"|ES41|"737002009"|12337|"170601"|ALBA DE TORMES
"2022"|ES41|"734000930"|3954|"170507"|HERRERA DE PISUERGA
"2022"|ES41|"734000942"|7909|"170506"|GUARDO
"2022"|ES41|"734000927"|3486|"170505"|FROMISTA
"2022"|ES41|"724002229"|16281|"170406"|PONFERRADA III
"2022"|ES41|"724002222"|8027|"170325"|SANTA MARIA DEL PARAMO
"2022"|ES41|"724002221"|20796|"170324"|SAN ANDRES DEL RABANEDO
"2022"|ES41|"724002215"|1442|"170319"|MATALLANA DE TORIO
"2022"|ES41|"724002211"|12602|"170308"|LA BANEZA I
"2022"|ES41|"724002217"|6843|"170307"|CUENCA DE BERNESGA
"2022"|ES41|"724002209"|5515|"170306"|CISTIERNA
"2022"|ES41|"724002248"|1020|"170304"|BABIA
"2022"|ES41|"709001802"|2507|"170233"|VILLADIEGO
"2022"|ES41|"709001794"|2815|"170220"|MELGAR DE FERNAMENTAL
"2022"|ES41|"709001805"|16296|"170217"|LOS COMUNEROS
"2022"|ES41|"709001778"|2839|"170211"|ESPINOSA DE LOS MONTEROS
"2022"|ES41|"709001793"|1891|"170210"|CONDADO DE TREVINO
"2022"|ES41|"709001804"|16273|"170206"|BURGOS CENTRO A
"2022"|ES41|"705001002"|937|"170121"|MUNICO
"2022"|ES41|"705000997"|4671|"170108"|BARCO DE AVILA
"2022"|ES41|"705000992"|7929|"170101"|ARENAS DE SAN PEDRO
"2022"|ES22|"124"|10207|"124"|LEZKAIRU
"2022"|ES30|"16011810"|24592|"160115"|NUMANCIA-PENAPRIETA
"2022"|ES30|"16012810"|22011|"160122"|RAFAEL ALBERTI-FEDERICA MONTSENY
"2022"|ES30|"16013310"|18529|"160107"|CAMPO DE LA PALOMA
"2022"|ES30|"16013910"|19920|"160128"|VICALVARO - ARTILLEROS
"2022"|ES30|"16023210"|18947|"160213"|PROSPERIDAD
"2022"|ES30|"16030510"|11637|"160311"|MANUEL MERINO
"2022"|ES30|"16031010"|23970|"160313"|MECO
"2022"|ES30|"16040710"|28576|"160406"|CANAL DE PANAMA
"2022"|ES30|"16042710"|26501|"160413"|JAZMIN
"2022"|ES30|"16052910"|21443|"160511"|FUENCARRAL-MONTECARMELO-MIRASIERRA-FUENTERREINA
"2022"|ES30|"16053510"|26585|"160518"|MIRAFLORES-LA MORALEJA
"2022"|ES30|"16054210"|19629|"160526"|REYES CATOLICOS
"2022"|ES30|"16056310"|15847|"160516"|MANZANARES EL REAL
"2022"|ES30|"16062210"|38853|"160608"|GALAPAGAR
"2022"|ES30|"16072110"|23130|"160704"|CARAMUEL
"2022"|ES30|"16072210"|20344|"160716"|PUERTA DEL ANGEL-LUCERO
"2022"|ES30|"16072610"|28172|"160717"|MAQUEDA
"2022"|ES30|"16080110"|29956|"160812"|LA RIBOTA-MIGUEL SERVET
"2022"|ES30|"16080610"|25052|"160812"|LA RIBOTA-MIGUEL SERVET
"2022"|ES30|"16082410"|20473|"160809"|FELIPE II
"2022"|ES30|"16090510"|34751|"160916"|PANADERAS
"2022"|ES30|"16102110"|22288|"161010"|PINTO-PARQUEEUROPA
"2022"|ES30|"16103210"|27510|"161008"|LAS MARGARITAS-GETAFE NORTE
"2022"|ES30|"16103310"|21225|"161001"|EL GRECO
"2022"|ES30|"16103410"|19189|"161007"|LAS CIUDADES
"2022"|ES30|"16113210"|34602|"161122"|LOS ANGELES
"2022"|ES30|"16113310"|12728|"161103"|ALCOCER
"2022"|ES30|"16115910"|12813|"161127"|ORCASUR
"2022"|ES30|"16116110"|10941|"161115"|EMBAJADORES-DELICIAS
"2022"|ES53|"140132"|30038|"100105"|SON SERRA-LA VILETA-VALLDARGENT
"2022"|ES53|"140142"|15506|"100505"|MUNTANYA-SANTA MARIA DEL CAMI
"2022"|ES53|"140302"|18616|"100302"|EIXAMPLE-ES VIVER
"2022"|ES53|"140304"|33851|"100305"|SANTA EULARIA
"2022"|ES53|"140112"|31900|"100602"|ES BLANQUER
"2022"|ES53|"140117"|26117|"100512"|PERE GARAU
"2022"|ES53|"140125"|13772|"100407"|SANTANYI
"2022"|ES53|"140131"|24372|"100113"|SON PISA
"2022"|ES53|"140133"|21201|"100408"|LLEVANT
"2022"|ES23|"7010310"|29271|"130103"|CALAHORRA
"2022"|ES51|"004"|28430|"650004"|AMPOSTA
"2022"|ES51|"007"|9604|"604007"|ARAN
"2022"|ES51|"010"|18162|"633010"|ARGENTONA
"2022"|ES51|"012"|4232|"605012"|ARTESA DE SEGRE
"2022"|ES51|"019"|30771|"671019"|BARCELONA 1-D
"2022"|ES51|"033"|25090|"646033"|BARCELONA 3-B
"2022"|ES51|"035"|32122|"646035"|BARCELONA 3-D
"2022"|ES51|"042"|29831|"646042"|BARCELONA 5-A
"2022"|ES51|"044"|28011|"646044"|BARCELONA 5-C
"2022"|ES51|"063"|17333|"647063"|BARCELONA 8-G
"2022"|ES51|"069"|15366|"647069"|BARCELONA 9-E
"2022"|ES51|"075"|17391|"670075"|BARCELONA 10-E
"2022"|ES51|"076"|24646|"670076"|BARCELONA 10-F
"2022"|ES51|"081"|7292|"605081"|BELLPUIG
"2022"|ES51|"084"|17056|"652084"|LA BISBAL D'EMPORDA
"2022"|ES51|"085"|39983|"656085"|BLANES
"2022"|ES51|"088"|6802|"619088"|CALAF
"2022"|ES51|"093"|23983|"655093"|CANET DE MAR
"2022"|ES51|"096"|5035|"659096"|CARDONA
"2022"|ES51|"098"|14067|"659098"|MONTSERRAT
"2022"|ES51|"105"|24064|"635105"|CERDANYOLA DEL VALLES 2
"2022"|ES51|"108"|33261|"624108"|CORNELLA DE LLOBREGAT 1
"2022"|ES51|"114"|16275|"651114"|L'ESCALA
"2022"|ES51|"117"|28977|"624117"|ESPLUGUES DE LLOBREGAT 2
"2022"|ES51|"120"|7411|"648120"|FLIX
"2022"|ES51|"124"|23148|"657124"|GIRONA 1
"2022"|ES51|"130"|4744|"660130"|ALT BERGUEDA
"2022"|ES51|"133"|7206|"651133"|LA JONQUERA
"2022"|ES51|"142"|41890|"656142"|LLORET DE MAR
"2022"|ES51|"144"|21207|"622144"|MANLLEU
"2022"|ES51|"148"|22748|"659148"|MANRESA 4
"2022"|ES51|"152"|19503|"633152"|MATARO 1
"2022"|ES51|"156"|21606|"633156"|MATARO 5
"2022"|ES51|"162"|15979|"606162"|MONTBLANC
"2022"|ES51|"171"|40612|"653171"|OLOT
"2022"|ES51|"172"|31381|"652172"|PALAFRUGELL
"2022"|ES51|"173"|29664|"652173"|PALAMOS
"2022"|ES51|"175"|18927|"668175"|PARETS DEL VALLES
"2022"|ES51|"180"|3615|"637180"|ALTA RIBAGORCA
"2022"|ES51|"196"|20394|"635196"|SABADELL 5
"2022"|ES51|"199"|44710|"658199"|SALT
"2022"|ES51|"201"|28080|"665201"|SANT ANDREU DE LA BARCA
"2022"|ES51|"205"|20959|"664205"|SANT BOI DE LLOBREGAT 4
"2022"|ES51|"210"|26951|"624210"|SANT FELIU DE LLOBREGAT 2
"2022"|ES51|"216"|19604|"624216"|SANT JUST DESVERN
"2022"|ES51|"218"|22644|"661218"|SANT SADURNI D'ANOIA
"2022"|ES51|"235"|27779|"662235"|SITGES
"2022"|ES51|"237"|8834|"659237"|SURIA
"2022"|ES51|"241"|31125|"609241"|TARRAGONA 3
"2022"|ES51|"242"|17154|"609242"|TARRAGONA 4
"2022"|ES51|"247"|42427|"666247"|TERRASSA A
"2022"|ES51|"248"|28237|"666248"|TERRASSA B
"2022"|ES51|"263"|27133|"606263"|VALLS URBA
"2022"|ES51|"271"|25857|"633271"|VILASSAR DE MAR
"2022"|ES51|"276"|19260|"630276"|BADALONA 5
"2022"|ES51|"294"|22620|"624294"|L'HOSPITALET DE LLOBREGAT 7-FLORIDA N.
"2022"|ES51|"312"|16971|"671312"|SANT ADRIA DEL BESOS 2
"2022"|ES51|"316"|24307|"662316"|VILANOVA I LA GELTRU 1
"2022"|ES51|"327"|18288|"647327"|BARCELONA 8-I
"2022"|ES51|"340"|22564|"609340"|VILA-SECA
"2022"|ES51|"346"|5318|"653346"|SANT JOAN LES FONTS
"2022"|ES51|"349"|23672|"668349"|MOLLET DEL VALLES-2 OEST
"2022"|ES51|"350"|27758|"622350"|VIC-1 NORD
"2022"|ES51|"356"|25405|"666356"|TERRASSA-G
"2022"|ES51|"365"|37663|"663365"|CASTELLDEFELS-1
"2022"|ES51|"366"|29991|"663366"|CASTELLDEFELS-2
"2022"|ES51|"369"|17622|"624369"|CORBERA DE LLOBREGAT
"2022"|ES51|"378"|17240|"666378"|RUBI -3
"2022"|ES51|"388"|31394|"666388"|SANT CUGAT DEL VALLES-1
"2022"|ES51|"322"|13615|"635322"|CIUTAT BADIA
"2022"|ES51|"400"|25190|"646036"|BARCELONA 3-E-3-I
"2022"|ES51|"058"|0|"647060"|BARCELONA 8-B-8-D-8-K
"2022"|ES51|"141"|24669|"605141"|LLEIDA RURAL 1-NORD
"2022"|ES51|"310"|29041|"666310"|RUBI 2-CASTELLBISBALL
"2022"|ES51|"194"|16228|"635194"|SABADELL 3-B
"2022"|ES51|SES|0|SES|SENSE ESPECIFICAR
"2022"|ES51|"404"|0|"404"|TERRASSA H
"2022"|ES51|"397"|19876|"661268"|VILAFRANCA DEL PENEDES
"2022"|ES52|"0202"|4317|"50202"|ALBOCASSER
"2022"|ES52|"0206"|2668|"50206"|BENLLOCH
"2022"|ES52|"0207"|39659|"50207"|CASTELLO-SANT AGUSTI
"2022"|ES52|"0217"|7686|"50217"|TORREBLANCA
"2022"|ES52|"0302"|5730|"50302"|BETXI
"2022"|ES52|"0303"|40264|"50303"|BURRIANA
"2022"|ES52|"0305"|24236|"50305"|NULES
"2022"|ES52|"0306"|27825|"50306"|ONDA
"2022"|ES52|"0408"|16461|"50408"|SEGORBE
"2022"|ES52|"0516"|9315|"50516"|VALENCIA-NAZARET
"2022"|ES52|"0614"|1631|"50614"|TITAGUAS
"2022"|ES52|"0708"|31200|"50708"|VALENCIA-CAMPANAR
"2022"|ES52|"0709"|31764|"50709"|VALENCIA-JUST RAMIREZ
"2022"|ES52|"0714"|18611|"50714"|ALBAL
"2022"|ES52|"0715"|11034|"50715"|ALCACER
"2022"|ES52|"0718"|20241|"50718"|SILLA
"2022"|ES52|"0801"|6089|"50801"|AYORA
"2022"|ES52|"0804"|22789|"50804"|REQUENA
"2022"|ES52|"0903"|13444|"50903"|MONTSERRAT
"2022"|ES52|"0906"|21628|"50906"|PICASSENT
"2022"|ES52|"0912"|24124|"50912"|VALENCIA-GIL Y MORTE
"2022"|ES52|"1015"|20502|"51015"|VALENCIA-SAN MARCELINO
"2022"|ES52|"1207"|10408|"51207"|VILALLONGA
"2022"|ES52|"1208"|22476|"51208"|TAVERNES DE VALLDIGNA
"2022"|ES52|"1306"|10371|"51306"|ONDARA
"2022"|ES52|"1604"|34178|"51604"|BENIDORM 1 LES FOIETES
"2022"|ES52|"1706"|31072|"51706"|CAMPELLO
"2022"|ES52|"1803"|34185|"51803"|ELDA-MARINA ESPANOLA
"2022"|ES52|"1808"|9475|"51808"|PINOSO
"2022"|ES52|"1902"|37418|"51902"|ALICANTE-BABEL
"2022"|ES52|"1904"|33825|"51904"|ALICANTE-SAN BLAS
"2022"|ES52|"1905"|20050|"51905"|ALICANTE-LOS ANGELES
"2022"|ES52|"2004"|25573|"52004"|ELX-RAVAL-CENTRO
"2022"|ES52|"2101"|15198|"52101"|ALBATERA
"2022"|ES52|"2104"|43124|"52104"|CALLOSA DE SEGURA
"2022"|ES52|"2106"|29252|"52106"|ORIHUELA 1
"2022"|ES52|"2204"|50705|"52204"|PILAR DE LA  HORADADA
"2022"|ES52|"2305"|33683|"52305"|MANISES
"2022"|ES24|"5405"|16678|"20405"|ZUERA
"2022"|ES24|"1106"|1144|"20106"|HECHO
"2022"|ES70|"120234"|25455|"70427"|OROTAVA II - DEHESA
"2022"|ES70|"120252"|6502|"70702"|VALVERDE
"2022"|ES70|"120211"|24839|"70410"|CANDELARIA
"2022"|ES70|"120152"|484|"70307"|LA GRACIOSA
"2022"|ES22|"114"|4519|"80333"|VILLATUERTA
"2022"|ES22|"69"|1859|"80336"|LOS ARCOS
"2022"|ES21|"42008"|12844|"40608"|CASCO VIEJO (BILBAO)
"2022"|ES21|"43006"|26257|"40306"|BASAURI-ARIZ
"2022"|ES21|"22021"|25815|"41021"|IZTIETA - ERRENTERIA
"2022"|ES41|"747001962"|20791|"171022"|MEDINA DEL CAMPO URBANO
"2022"|ES41|"747001936"|8888|"171007"|MAGDALENA
"2022"|ES41|"737002035"|10750|"170631"|TEJARES
"2022"|ES41|"724002246"|12326|"170302"|ASTORGA I
"2022"|ES41|"709001796"|1298|"170231"|VALLE DE TOBALINA
"2022"|ES41|"705000995"|5218|"170110"|CANDELEDA
"2022"|ES41|"705000991"|9001|"170105"|AVILA RURAL
"2022"|ES30|"16010510"|32390|"160123"|RIVAS
"2022"|ES30|"16011710"|34974|"160110"|ESTRELLA-MEDIALEGUA
"2022"|ES30|"16012310"|28025|"160125"|SAN DIEGO
"2022"|ES30|"16040310"|29765|"160409"|DR. CIRAJAS
"2022"|ES30|"16041510"|37645|"160419"|SILVANO
"2022"|ES30|"16052810"|41038|"160522"|PENAGRANDE-MONFORTE DE LEMOS
"2022"|ES30|"16061710"|35841|"160616"|POZUELOS-SAN JUAN DE LA CRUZ
"2022"|ES30|"16063110"|14238|"160620"|VALDEZARZA
"2022"|ES30|"16072410"|34242|"160716"|PUERTA DEL ANGEL-LUCERO
"2022"|ES30|"16110610"|27041|"161101"|ABRANTES
"2022"|ES53|"140130"|23983|"100516"|RAFAL NOU-SON GOTLEU-SON RUTLAN
"2022"|ES53|"140136"|12118|"100101"|PONENT
"2022"|ES53|"140202"|29434|"100201"|CIUTADELLA
"2022"|ES51|"028"|27322|"670028"|BARCELONA 2-H
"2022"|ES51|"184"|12910|"625184"|EL PRAT DE LLOBREGAT 3
"2022"|ES51|"188"|13078|"607188"|RIUDOMS
"2022"|ES51|"228"|3356|"619228"|SANTA COLOMA DE QUERALT
"2022"|ES51|"257"|38372|"609257"|TORREDEMBARRA
"2022"|ES51|"370"|12490|"665370"|ABRERA
"2022"|ES52|"0716"|30293|"50716"|CATARROJA
"2022"|ES52|"1810"|34940|"51810"|VILLENA 1
"2022"|ES52|"1906"|29799|"51906"|PARQUE LO MORANT
"2022"|ES52|"2006"|15771|"52006"|ELX-EL PLA
"2022"|ES24|"4803"|859|"20803"|ALIAGA
"2022"|ES30|"16031410"|27954|"160303"|EL JUNCAL
"2022"|ES51|"236"|13026|"659236"|EL SOLSONES
